====================================================
Job started: Thu 23 Jul 02:39:46 BST 2026
Node: node862.csf3.man.alces.network
====================================================
----------------------------------------------------
Hardware information
----------------------------------------------------
Thu Jul 23 02:40:04 2026       
+-----------------------------------------------------------------------------------------+
| NVIDIA-SMI 580.159.04             Driver Version: 580.159.04     CUDA Version: 13.0     |
+-----------------------------------------+------------------------+----------------------+
| GPU  Name                 Persistence-M | Bus-Id          Disp.A | Volatile Uncorr. ECC |
| Fan  Temp   Perf          Pwr:Usage/Cap |           Memory-Usage | GPU-Util  Compute M. |
|                                         |                        |               MIG M. |
|=========================================+========================+======================|
|   0  NVIDIA A100-SXM4-80GB          On  |   00000000:81:00.0 Off |                    0 |
| N/A   28C    P0             57W /  400W |       0MiB /  81920MiB |      0%      Default |
|                                         |                        |             Disabled |
+-----------------------------------------+------------------------+----------------------+

+-----------------------------------------------------------------------------------------+
| Processes:                                                                              |
|  GPU   GI   CI              PID   Type   Process name                        GPU Memory |
|        ID   ID                                                               Usage      |
|=========================================================================================|
|  No running processes found                                                             |
+-----------------------------------------------------------------------------------------+
CUDA available: True
Device count: 1
Device name: NVIDIA A100-SXM4-80GB
----------------------------------------------------

============================================================
Running Experiment 1 / 3
LENET
============================================================

Building model...
02:42:13 | INFO | Model built with 62006 parameters (gates excluded from count).
Files already downloaded and verified
Files already downloaded and verified
Files already downloaded and verified

Training...
02:43:04 | INFO | [pretrain] epoch 1/60 train_task_loss=1.8506 train_kl=478.12 beta=0.00000 train_acc=0.3044 val_loss=1.5851 val_acc=0.3854 time=47.2s
02:43:36 | INFO | [pretrain] epoch 2/60 train_task_loss=1.5556 train_kl=478.12 beta=0.00000 train_acc=0.4140 val_loss=1.4692 val_acc=0.4400 time=31.5s
02:44:07 | INFO | [pretrain] epoch 3/60 train_task_loss=1.4673 train_kl=478.12 beta=0.00000 train_acc=0.4531 val_loss=1.3310 val_acc=0.5150 time=31.5s
02:44:39 | INFO | [pretrain] epoch 4/60 train_task_loss=1.3967 train_kl=478.12 beta=0.00000 train_acc=0.4802 val_loss=1.2834 val_acc=0.5268 time=31.5s
02:45:10 | INFO | [pretrain] epoch 5/60 train_task_loss=1.3433 train_kl=478.12 beta=0.00000 train_acc=0.5056 val_loss=1.2799 val_acc=0.5166 time=31.4s
02:45:42 | INFO | [pretrain] epoch 6/60 train_task_loss=1.2995 train_kl=478.12 beta=0.00000 train_acc=0.5220 val_loss=1.1890 val_acc=0.5514 time=31.6s
02:46:13 | INFO | [pretrain] epoch 7/60 train_task_loss=1.2633 train_kl=478.12 beta=0.00000 train_acc=0.5403 val_loss=1.1845 val_acc=0.5375 time=31.5s
02:46:45 | INFO | [pretrain] epoch 8/60 train_task_loss=1.2421 train_kl=478.12 beta=0.00000 train_acc=0.5467 val_loss=1.1712 val_acc=0.5705 time=31.4s
02:47:16 | INFO | [pretrain] epoch 9/60 train_task_loss=1.2080 train_kl=478.12 beta=0.00000 train_acc=0.5579 val_loss=1.1344 val_acc=0.5805 time=31.5s
02:47:48 | INFO | [pretrain] epoch 10/60 train_task_loss=1.1952 train_kl=478.12 beta=0.00000 train_acc=0.5653 val_loss=1.1028 val_acc=0.5906 time=31.3s
02:48:19 | INFO | [pretrain] epoch 11/60 train_task_loss=1.1729 train_kl=478.12 beta=0.00000 train_acc=0.5738 val_loss=1.0941 val_acc=0.5990 time=31.4s
02:48:51 | INFO | [pretrain] epoch 12/60 train_task_loss=1.1439 train_kl=478.12 beta=0.00000 train_acc=0.5842 val_loss=1.0879 val_acc=0.5957 time=31.5s
02:49:22 | INFO | [pretrain] epoch 13/60 train_task_loss=1.1416 train_kl=478.12 beta=0.00000 train_acc=0.5851 val_loss=1.0895 val_acc=0.6104 time=31.6s
02:49:54 | INFO | [pretrain] epoch 14/60 train_task_loss=1.1235 train_kl=478.12 beta=0.00000 train_acc=0.5912 val_loss=1.0561 val_acc=0.6105 time=32.2s
02:50:27 | INFO | [pretrain] epoch 15/60 train_task_loss=1.1178 train_kl=478.12 beta=0.00000 train_acc=0.5960 val_loss=1.0310 val_acc=0.6268 time=32.7s
02:51:00 | INFO | [pretrain] epoch 16/60 train_task_loss=1.1041 train_kl=478.12 beta=0.00000 train_acc=0.6018 val_loss=1.0338 val_acc=0.6287 time=32.6s
02:51:32 | INFO | [pretrain] epoch 17/60 train_task_loss=1.0857 train_kl=478.12 beta=0.00000 train_acc=0.6076 val_loss=1.0239 val_acc=0.6227 time=32.5s
02:52:04 | INFO | [pretrain] epoch 18/60 train_task_loss=1.0800 train_kl=478.12 beta=0.00000 train_acc=0.6089 val_loss=1.0323 val_acc=0.6299 time=32.4s
02:52:37 | INFO | [pretrain] epoch 19/60 train_task_loss=1.0675 train_kl=478.12 beta=0.00000 train_acc=0.6156 val_loss=1.0142 val_acc=0.6289 time=32.6s
02:53:10 | INFO | [pretrain] epoch 20/60 train_task_loss=1.0529 train_kl=478.12 beta=0.00000 train_acc=0.6203 val_loss=1.0127 val_acc=0.6361 time=32.8s
02:53:42 | INFO | [pretrain] epoch 21/60 train_task_loss=1.0481 train_kl=478.12 beta=0.00000 train_acc=0.6222 val_loss=0.9910 val_acc=0.6432 time=32.5s
02:54:15 | INFO | [pretrain] epoch 22/60 train_task_loss=1.0447 train_kl=478.12 beta=0.00000 train_acc=0.6220 val_loss=0.9797 val_acc=0.6398 time=32.6s
02:54:48 | INFO | [pretrain] epoch 23/60 train_task_loss=1.0305 train_kl=478.12 beta=0.00000 train_acc=0.6292 val_loss=0.9819 val_acc=0.6410 time=32.8s
02:55:20 | INFO | [pretrain] epoch 24/60 train_task_loss=1.0307 train_kl=478.12 beta=0.00000 train_acc=0.6277 val_loss=0.9626 val_acc=0.6406 time=32.5s
02:55:53 | INFO | [pretrain] epoch 25/60 train_task_loss=1.0173 train_kl=478.12 beta=0.00000 train_acc=0.6315 val_loss=1.0249 val_acc=0.6398 time=32.4s
02:56:25 | INFO | [pretrain] epoch 26/60 train_task_loss=1.0173 train_kl=478.12 beta=0.00000 train_acc=0.6345 val_loss=0.9440 val_acc=0.6641 time=32.4s
02:56:58 | INFO | [pretrain] epoch 27/60 train_task_loss=1.0071 train_kl=478.12 beta=0.00000 train_acc=0.6368 val_loss=0.9609 val_acc=0.6459 time=32.6s
02:57:30 | INFO | [pretrain] epoch 28/60 train_task_loss=1.0000 train_kl=478.12 beta=0.00000 train_acc=0.6389 val_loss=0.9568 val_acc=0.6539 time=32.6s
02:58:03 | INFO | [pretrain] epoch 29/60 train_task_loss=0.9895 train_kl=478.12 beta=0.00000 train_acc=0.6443 val_loss=0.9703 val_acc=0.6402 time=32.7s
02:58:36 | INFO | [pretrain] epoch 30/60 train_task_loss=0.9800 train_kl=478.12 beta=0.00000 train_acc=0.6453 val_loss=0.9291 val_acc=0.6656 time=32.6s
02:59:08 | INFO | [pretrain] epoch 31/60 train_task_loss=0.9737 train_kl=478.12 beta=0.00000 train_acc=0.6497 val_loss=0.9358 val_acc=0.6537 time=32.7s
02:59:41 | INFO | [pretrain] epoch 32/60 train_task_loss=0.9742 train_kl=478.12 beta=0.00000 train_acc=0.6498 val_loss=0.9306 val_acc=0.6629 time=32.4s
03:00:13 | INFO | [pretrain] epoch 33/60 train_task_loss=0.9628 train_kl=478.12 beta=0.00000 train_acc=0.6527 val_loss=0.9127 val_acc=0.6713 time=32.3s
03:00:46 | INFO | [pretrain] epoch 34/60 train_task_loss=0.9553 train_kl=478.12 beta=0.00000 train_acc=0.6569 val_loss=0.9086 val_acc=0.6727 time=32.6s
03:01:18 | INFO | [pretrain] epoch 35/60 train_task_loss=0.9504 train_kl=478.12 beta=0.00000 train_acc=0.6555 val_loss=0.9026 val_acc=0.6824 time=32.4s
03:01:51 | INFO | [pretrain] epoch 36/60 train_task_loss=0.9479 train_kl=478.12 beta=0.00000 train_acc=0.6597 val_loss=0.9130 val_acc=0.6650 time=32.6s
03:02:23 | INFO | [pretrain] epoch 37/60 train_task_loss=0.9413 train_kl=478.12 beta=0.00000 train_acc=0.6618 val_loss=0.9128 val_acc=0.6693 time=32.6s
03:02:56 | INFO | [pretrain] epoch 38/60 train_task_loss=0.9404 train_kl=478.12 beta=0.00000 train_acc=0.6617 val_loss=0.9010 val_acc=0.6758 time=32.7s
03:03:29 | INFO | [pretrain] epoch 39/60 train_task_loss=0.9281 train_kl=478.12 beta=0.00000 train_acc=0.6658 val_loss=0.9056 val_acc=0.6658 time=32.7s
03:04:01 | INFO | [pretrain] epoch 40/60 train_task_loss=0.9286 train_kl=478.12 beta=0.00000 train_acc=0.6640 val_loss=0.8830 val_acc=0.6785 time=32.7s
03:04:34 | INFO | [pretrain] epoch 41/60 train_task_loss=0.9224 train_kl=478.12 beta=0.00000 train_acc=0.6669 val_loss=0.8747 val_acc=0.6836 time=32.6s
03:05:07 | INFO | [pretrain] epoch 42/60 train_task_loss=0.9218 train_kl=478.12 beta=0.00000 train_acc=0.6677 val_loss=0.8760 val_acc=0.6826 time=32.8s
03:05:39 | INFO | [pretrain] epoch 43/60 train_task_loss=0.9117 train_kl=478.12 beta=0.00000 train_acc=0.6714 val_loss=0.8732 val_acc=0.6826 time=32.7s
03:06:12 | INFO | [pretrain] epoch 44/60 train_task_loss=0.9061 train_kl=478.12 beta=0.00000 train_acc=0.6725 val_loss=0.8641 val_acc=0.6758 time=32.4s
03:06:44 | INFO | [pretrain] epoch 45/60 train_task_loss=0.9036 train_kl=478.12 beta=0.00000 train_acc=0.6741 val_loss=0.8760 val_acc=0.6811 time=32.6s
03:07:17 | INFO | [pretrain] epoch 46/60 train_task_loss=0.9012 train_kl=478.12 beta=0.00000 train_acc=0.6764 val_loss=0.8636 val_acc=0.6859 time=32.4s
03:07:49 | INFO | [pretrain] epoch 47/60 train_task_loss=0.8942 train_kl=478.12 beta=0.00000 train_acc=0.6770 val_loss=0.8570 val_acc=0.6979 time=32.5s
03:08:22 | INFO | [pretrain] epoch 48/60 train_task_loss=0.8959 train_kl=478.12 beta=0.00000 train_acc=0.6782 val_loss=0.8641 val_acc=0.6869 time=32.5s
03:08:54 | INFO | [pretrain] epoch 49/60 train_task_loss=0.8939 train_kl=478.12 beta=0.00000 train_acc=0.6786 val_loss=0.8600 val_acc=0.6861 time=32.6s
03:09:27 | INFO | [pretrain] epoch 50/60 train_task_loss=0.8873 train_kl=478.12 beta=0.00000 train_acc=0.6798 val_loss=0.8496 val_acc=0.6875 time=32.4s
03:09:59 | INFO | [pretrain] epoch 51/60 train_task_loss=0.8916 train_kl=478.12 beta=0.00000 train_acc=0.6766 val_loss=0.8552 val_acc=0.6904 time=32.6s
03:10:32 | INFO | [pretrain] epoch 52/60 train_task_loss=0.8816 train_kl=478.12 beta=0.00000 train_acc=0.6826 val_loss=0.8551 val_acc=0.6869 time=32.6s
03:11:05 | INFO | [pretrain] epoch 53/60 train_task_loss=0.8768 train_kl=478.12 beta=0.00000 train_acc=0.6835 val_loss=0.8520 val_acc=0.6906 time=32.8s
03:11:37 | INFO | [pretrain] epoch 54/60 train_task_loss=0.8795 train_kl=478.12 beta=0.00000 train_acc=0.6831 val_loss=0.8454 val_acc=0.6922 time=32.5s
03:12:10 | INFO | [pretrain] epoch 55/60 train_task_loss=0.8804 train_kl=478.12 beta=0.00000 train_acc=0.6841 val_loss=0.8509 val_acc=0.6945 time=32.5s
03:12:42 | INFO | [pretrain] epoch 56/60 train_task_loss=0.8770 train_kl=478.12 beta=0.00000 train_acc=0.6823 val_loss=0.8471 val_acc=0.6992 time=32.8s
03:13:15 | INFO | [pretrain] epoch 57/60 train_task_loss=0.8791 train_kl=478.12 beta=0.00000 train_acc=0.6850 val_loss=0.8430 val_acc=0.6959 time=32.6s
03:13:48 | INFO | [pretrain] epoch 58/60 train_task_loss=0.8748 train_kl=478.12 beta=0.00000 train_acc=0.6846 val_loss=0.8524 val_acc=0.6932 time=32.6s
03:14:20 | INFO | [pretrain] epoch 59/60 train_task_loss=0.8767 train_kl=478.12 beta=0.00000 train_acc=0.6849 val_loss=0.8403 val_acc=0.6934 time=32.6s
03:14:53 | INFO | [pretrain] epoch 60/60 train_task_loss=0.8733 train_kl=478.12 beta=0.00000 train_acc=0.6847 val_loss=0.8461 val_acc=0.6898 time=32.5s

Validation...
03:14:54 | INFO | Post-pretrain validation accuracy: 0.6992
03:15:03 | INFO | Test accuracy before Bayesian conversion: 0.6895

Converting to Bayesian...
03:15:03 | INFO | Bayesian gates activated on every structurally-prunable layer.

Training Bayesian gates...
03:15:44 | INFO | [bayesian_train] epoch 1/100 train_task_loss=0.9482 train_kl=478.63 beta=0.00000 train_acc=0.6583 val_loss=0.9045 val_acc=0.6766 time=40.9s
03:15:45 | INFO |     log_alpha: min=-3.04 median=-3.01 max=-2.98 frac_prunable=0.000
03:16:25 | INFO | [bayesian_train] epoch 2/100 train_task_loss=0.9482 train_kl=469.64 beta=0.02000 train_acc=0.6610 val_loss=0.8934 val_acc=0.6842 time=40.3s
03:16:25 | INFO |     log_alpha: min=-3.03 median=-2.91 max=-2.69 frac_prunable=0.000
03:17:06 | INFO | [bayesian_train] epoch 3/100 train_task_loss=0.9477 train_kl=450.26 beta=0.04000 train_acc=0.6579 val_loss=0.8994 val_acc=0.6795 time=40.5s
03:17:06 | INFO |     log_alpha: min=-3.05 median=-2.75 max=-2.40 frac_prunable=0.000
03:17:46 | INFO | [bayesian_train] epoch 4/100 train_task_loss=0.9457 train_kl=427.42 beta=0.06000 train_acc=0.6588 val_loss=0.8981 val_acc=0.6873 time=40.8s
03:17:46 | INFO |     log_alpha: min=-3.06 median=-2.54 max=-2.13 frac_prunable=0.000
03:18:27 | INFO | [bayesian_train] epoch 5/100 train_task_loss=0.9548 train_kl=401.96 beta=0.08000 train_acc=0.6572 val_loss=0.9294 val_acc=0.6658 time=40.1s
03:18:27 | INFO |     log_alpha: min=-3.07 median=-2.33 max=-1.88 frac_prunable=0.000
03:19:07 | INFO | [bayesian_train] epoch 6/100 train_task_loss=0.9436 train_kl=375.08 beta=0.10000 train_acc=0.6597 val_loss=0.9000 val_acc=0.6869 time=40.6s
03:19:07 | INFO |     log_alpha: min=-3.08 median=-2.09 max=-1.62 frac_prunable=0.000
03:19:47 | INFO | [bayesian_train] epoch 7/100 train_task_loss=0.9448 train_kl=346.95 beta=0.12000 train_acc=0.6610 val_loss=0.8972 val_acc=0.6846 time=40.1s
03:19:47 | INFO |     log_alpha: min=-3.10 median=-1.85 max=-1.38 frac_prunable=0.000
03:20:28 | INFO | [bayesian_train] epoch 8/100 train_task_loss=0.9472 train_kl=318.58 beta=0.14000 train_acc=0.6575 val_loss=0.9036 val_acc=0.6795 time=40.4s
03:20:28 | INFO |     log_alpha: min=-3.10 median=-1.63 max=-1.15 frac_prunable=0.000
03:21:08 | INFO | [bayesian_train] epoch 9/100 train_task_loss=0.9463 train_kl=291.75 beta=0.16000 train_acc=0.6573 val_loss=0.8744 val_acc=0.6869 time=40.4s
03:21:08 | INFO |     log_alpha: min=-3.11 median=-1.42 max=-0.93 frac_prunable=0.000
03:21:49 | INFO | [bayesian_train] epoch 10/100 train_task_loss=0.9490 train_kl=264.79 beta=0.18000 train_acc=0.6586 val_loss=0.8889 val_acc=0.6795 time=40.6s
03:21:49 | INFO |     log_alpha: min=-3.11 median=-1.20 max=-0.72 frac_prunable=0.000
03:22:29 | INFO | [bayesian_train] epoch 11/100 train_task_loss=0.9541 train_kl=240.31 beta=0.20000 train_acc=0.6565 val_loss=0.8845 val_acc=0.6818 time=40.2s
03:22:29 | INFO |     log_alpha: min=-3.12 median=-1.00 max=-0.52 frac_prunable=0.000
03:23:09 | INFO | [bayesian_train] epoch 12/100 train_task_loss=0.9532 train_kl=216.97 beta=0.22000 train_acc=0.6577 val_loss=0.8933 val_acc=0.6783 time=40.2s
03:23:09 | INFO |     log_alpha: min=-3.11 median=-0.80 max=-0.33 frac_prunable=0.000
03:23:50 | INFO | [bayesian_train] epoch 13/100 train_task_loss=0.9525 train_kl=196.31 beta=0.24000 train_acc=0.6594 val_loss=0.9083 val_acc=0.6836 time=40.3s
03:23:50 | INFO |     log_alpha: min=-3.11 median=-0.63 max=-0.16 frac_prunable=0.000
03:24:30 | INFO | [bayesian_train] epoch 14/100 train_task_loss=0.9651 train_kl=177.92 beta=0.26000 train_acc=0.6533 val_loss=0.9127 val_acc=0.6732 time=40.4s
03:24:30 | INFO |     log_alpha: min=-3.12 median=-0.46 max=0.01 frac_prunable=0.000
03:25:10 | INFO | [bayesian_train] epoch 15/100 train_task_loss=0.9683 train_kl=161.34 beta=0.28000 train_acc=0.6523 val_loss=0.9081 val_acc=0.6723 time=40.2s
03:25:10 | INFO |     log_alpha: min=-3.11 median=-0.29 max=0.18 frac_prunable=0.000
03:25:50 | INFO | [bayesian_train] epoch 16/100 train_task_loss=0.9752 train_kl=146.55 beta=0.30000 train_acc=0.6480 val_loss=0.8916 val_acc=0.6871 time=40.3s
03:25:50 | INFO |     log_alpha: min=-3.11 median=-0.12 max=0.34 frac_prunable=0.000
03:26:31 | INFO | [bayesian_train] epoch 17/100 train_task_loss=0.9817 train_kl=133.42 beta=0.32000 train_acc=0.6504 val_loss=0.8836 val_acc=0.6777 time=40.2s
03:26:31 | INFO |     log_alpha: min=-3.11 median=0.03 max=0.50 frac_prunable=0.000
03:27:11 | INFO | [bayesian_train] epoch 18/100 train_task_loss=0.9870 train_kl=121.84 beta=0.34000 train_acc=0.6471 val_loss=0.9231 val_acc=0.6795 time=40.2s
03:27:11 | INFO |     log_alpha: min=-3.11 median=0.18 max=0.65 frac_prunable=0.000
03:27:51 | INFO | [bayesian_train] epoch 19/100 train_task_loss=1.0023 train_kl=111.65 beta=0.36000 train_acc=0.6421 val_loss=0.8900 val_acc=0.6809 time=40.3s
03:27:51 | INFO |     log_alpha: min=-3.11 median=0.32 max=0.80 frac_prunable=0.000
03:28:32 | INFO | [bayesian_train] epoch 20/100 train_task_loss=0.9985 train_kl=102.56 beta=0.38000 train_acc=0.6444 val_loss=0.8901 val_acc=0.6846 time=40.4s
03:28:32 | INFO |     log_alpha: min=-3.09 median=0.45 max=0.95 frac_prunable=0.000
03:29:12 | INFO | [bayesian_train] epoch 21/100 train_task_loss=1.0146 train_kl=94.80 beta=0.40000 train_acc=0.6352 val_loss=0.9020 val_acc=0.6793 time=40.5s
03:29:12 | INFO |     log_alpha: min=-3.08 median=0.58 max=1.08 frac_prunable=0.000
03:29:53 | INFO | [bayesian_train] epoch 22/100 train_task_loss=1.0224 train_kl=87.88 beta=0.42000 train_acc=0.6332 val_loss=0.9069 val_acc=0.6859 time=40.4s
03:29:53 | INFO |     log_alpha: min=-3.07 median=0.71 max=1.22 frac_prunable=0.000
03:30:33 | INFO | [bayesian_train] epoch 23/100 train_task_loss=1.0264 train_kl=81.52 beta=0.44000 train_acc=0.6309 val_loss=0.8945 val_acc=0.6799 time=40.4s
03:30:33 | INFO |     log_alpha: min=-3.06 median=0.84 max=1.36 frac_prunable=0.000
03:31:13 | INFO | [bayesian_train] epoch 24/100 train_task_loss=1.0404 train_kl=75.93 beta=0.46000 train_acc=0.6260 val_loss=0.9284 val_acc=0.6723 time=40.2s
03:31:13 | INFO |     log_alpha: min=-3.04 median=0.96 max=1.49 frac_prunable=0.000
03:31:54 | INFO | [bayesian_train] epoch 25/100 train_task_loss=1.0483 train_kl=70.89 beta=0.48000 train_acc=0.6280 val_loss=0.8977 val_acc=0.6807 time=40.3s
03:31:54 | INFO |     log_alpha: min=-3.02 median=1.07 max=1.63 frac_prunable=0.000
03:32:34 | INFO | [bayesian_train] epoch 26/100 train_task_loss=1.0603 train_kl=66.36 beta=0.50000 train_acc=0.6218 val_loss=0.9234 val_acc=0.6795 time=40.3s
03:32:34 | INFO |     log_alpha: min=-3.00 median=1.19 max=1.76 frac_prunable=0.000
03:33:14 | INFO | [bayesian_train] epoch 27/100 train_task_loss=1.0699 train_kl=62.30 beta=0.52000 train_acc=0.6210 val_loss=0.9219 val_acc=0.6777 time=40.3s
03:33:14 | INFO |     log_alpha: min=-2.98 median=1.30 max=1.88 frac_prunable=0.000
03:33:55 | INFO | [bayesian_train] epoch 28/100 train_task_loss=1.0728 train_kl=58.62 beta=0.54000 train_acc=0.6190 val_loss=0.9027 val_acc=0.6828 time=40.4s
03:33:55 | INFO |     log_alpha: min=-2.96 median=1.40 max=2.01 frac_prunable=0.000
03:34:35 | INFO | [bayesian_train] epoch 29/100 train_task_loss=1.0854 train_kl=55.36 beta=0.56000 train_acc=0.6153 val_loss=0.9238 val_acc=0.6797 time=40.4s
03:34:35 | INFO |     log_alpha: min=-2.92 median=1.50 max=2.13 frac_prunable=0.000
03:35:15 | INFO | [bayesian_train] epoch 30/100 train_task_loss=1.0939 train_kl=52.46 beta=0.58000 train_acc=0.6102 val_loss=0.9281 val_acc=0.6762 time=40.4s
03:35:15 | INFO |     log_alpha: min=-2.90 median=1.59 max=2.25 frac_prunable=0.000
03:35:56 | INFO | [bayesian_train] epoch 31/100 train_task_loss=1.0998 train_kl=49.82 beta=0.60000 train_acc=0.6059 val_loss=0.9330 val_acc=0.6771 time=40.3s
03:35:56 | INFO |     log_alpha: min=-2.87 median=1.68 max=2.36 frac_prunable=0.000
03:36:36 | INFO | [bayesian_train] epoch 32/100 train_task_loss=1.1100 train_kl=47.36 beta=0.62000 train_acc=0.6054 val_loss=0.9292 val_acc=0.6754 time=40.2s
03:36:36 | INFO |     log_alpha: min=-2.84 median=1.76 max=2.48 frac_prunable=0.000
03:37:16 | INFO | [bayesian_train] epoch 33/100 train_task_loss=1.1194 train_kl=45.20 beta=0.64000 train_acc=0.6044 val_loss=0.9292 val_acc=0.6717 time=40.0s
03:37:16 | INFO |     log_alpha: min=-2.81 median=1.83 max=2.59 frac_prunable=0.000
03:37:57 | INFO | [bayesian_train] epoch 34/100 train_task_loss=1.1314 train_kl=43.20 beta=0.66000 train_acc=0.5974 val_loss=0.9604 val_acc=0.6744 time=40.9s
03:37:57 | INFO |     log_alpha: min=-2.78 median=1.89 max=2.70 frac_prunable=0.000
03:38:37 | INFO | [bayesian_train] epoch 35/100 train_task_loss=1.1418 train_kl=41.40 beta=0.68000 train_acc=0.5965 val_loss=0.9253 val_acc=0.6715 time=40.3s
03:38:37 | INFO |     log_alpha: min=-2.75 median=1.95 max=2.80 frac_prunable=0.000
03:39:17 | INFO | [bayesian_train] epoch 36/100 train_task_loss=1.1473 train_kl=39.76 beta=0.70000 train_acc=0.5916 val_loss=0.9501 val_acc=0.6734 time=40.3s
03:39:17 | INFO |     log_alpha: min=-2.71 median=2.01 max=2.91 frac_prunable=0.000
03:39:58 | INFO | [bayesian_train] epoch 37/100 train_task_loss=1.1557 train_kl=38.23 beta=0.72000 train_acc=0.5864 val_loss=0.9492 val_acc=0.6637 time=40.1s
03:39:58 | INFO |     log_alpha: min=-2.68 median=2.08 max=3.01 frac_prunable=0.217
03:40:38 | INFO | [bayesian_train] epoch 38/100 train_task_loss=1.1619 train_kl=36.82 beta=0.74000 train_acc=0.5870 val_loss=0.9905 val_acc=0.6699 time=40.0s
03:40:38 | INFO |     log_alpha: min=-2.65 median=2.14 max=3.11 frac_prunable=0.217
03:41:18 | INFO | [bayesian_train] epoch 39/100 train_task_loss=1.1668 train_kl=35.53 beta=0.76000 train_acc=0.5822 val_loss=0.9787 val_acc=0.6637 time=40.7s
03:41:18 | INFO |     log_alpha: min=-2.61 median=2.20 max=3.21 frac_prunable=0.217
03:41:59 | INFO | [bayesian_train] epoch 40/100 train_task_loss=1.1792 train_kl=34.39 beta=0.78000 train_acc=0.5800 val_loss=0.9993 val_acc=0.6539 time=40.4s
03:41:59 | INFO |     log_alpha: min=-2.57 median=2.26 max=3.30 frac_prunable=0.217
03:42:39 | INFO | [bayesian_train] epoch 41/100 train_task_loss=1.1789 train_kl=33.33 beta=0.80000 train_acc=0.5797 val_loss=0.9737 val_acc=0.6568 time=40.5s
03:42:39 | INFO |     log_alpha: min=-2.54 median=2.30 max=3.40 frac_prunable=0.217
03:43:19 | INFO | [bayesian_train] epoch 42/100 train_task_loss=1.1939 train_kl=32.34 beta=0.82000 train_acc=0.5778 val_loss=0.9638 val_acc=0.6713 time=40.3s
03:43:20 | INFO |     log_alpha: min=-2.50 median=2.35 max=3.48 frac_prunable=0.217
03:44:00 | INFO | [bayesian_train] epoch 43/100 train_task_loss=1.1810 train_kl=31.43 beta=0.84000 train_acc=0.5829 val_loss=0.9960 val_acc=0.6553 time=40.3s
03:44:00 | INFO |     log_alpha: min=-2.46 median=2.39 max=3.57 frac_prunable=0.217
03:44:40 | INFO | [bayesian_train] epoch 44/100 train_task_loss=1.1890 train_kl=30.55 beta=0.86000 train_acc=0.5777 val_loss=0.9790 val_acc=0.6574 time=40.3s
03:44:40 | INFO |     log_alpha: min=-2.42 median=2.43 max=3.66 frac_prunable=0.221
03:45:21 | INFO | [bayesian_train] epoch 45/100 train_task_loss=1.1995 train_kl=29.73 beta=0.88000 train_acc=0.5748 val_loss=0.9941 val_acc=0.6572 time=40.9s
03:45:21 | INFO |     log_alpha: min=-2.39 median=2.47 max=3.75 frac_prunable=0.239
03:46:02 | INFO | [bayesian_train] epoch 46/100 train_task_loss=1.1983 train_kl=28.96 beta=0.90000 train_acc=0.5765 val_loss=0.9999 val_acc=0.6566 time=40.7s
03:46:02 | INFO |     log_alpha: min=-2.35 median=2.52 max=3.83 frac_prunable=0.257
03:46:42 | INFO | [bayesian_train] epoch 47/100 train_task_loss=1.2114 train_kl=28.26 beta=0.92000 train_acc=0.5716 val_loss=1.0125 val_acc=0.6471 time=40.1s
03:46:42 | INFO |     log_alpha: min=-2.31 median=2.56 max=3.91 frac_prunable=0.270
03:47:32 | INFO | [bayesian_train] epoch 48/100 train_task_loss=1.2145 train_kl=27.59 beta=0.94000 train_acc=0.5697 val_loss=1.0013 val_acc=0.6539 time=50.1s
03:47:33 | INFO |     log_alpha: min=-2.27 median=2.59 max=3.99 frac_prunable=0.288
03:48:13 | INFO | [bayesian_train] epoch 49/100 train_task_loss=1.2123 train_kl=26.95 beta=0.96000 train_acc=0.5717 val_loss=1.0588 val_acc=0.6381 time=40.2s
03:48:13 | INFO |     log_alpha: min=-2.23 median=2.64 max=4.07 frac_prunable=0.301
03:48:53 | INFO | [bayesian_train] epoch 50/100 train_task_loss=1.2268 train_kl=26.35 beta=0.98000 train_acc=0.5653 val_loss=1.0158 val_acc=0.6484 time=40.2s
03:48:53 | INFO |     log_alpha: min=-2.20 median=2.67 max=4.15 frac_prunable=0.323
03:49:33 | INFO | [bayesian_train] epoch 51/100 train_task_loss=1.2290 train_kl=25.80 beta=1.00000 train_acc=0.5630 val_loss=1.0085 val_acc=0.6586 time=40.5s
03:49:33 | INFO |     log_alpha: min=-2.16 median=2.71 max=4.22 frac_prunable=0.336
03:50:14 | INFO | [bayesian_train] epoch 52/100 train_task_loss=1.2276 train_kl=25.29 beta=1.00000 train_acc=0.5674 val_loss=1.0265 val_acc=0.6486 time=40.2s
03:50:14 | INFO |     log_alpha: min=-2.12 median=2.74 max=4.29 frac_prunable=0.367
03:50:54 | INFO | [bayesian_train] epoch 53/100 train_task_loss=1.2289 train_kl=24.81 beta=1.00000 train_acc=0.5653 val_loss=1.0121 val_acc=0.6502 time=40.3s
03:50:54 | INFO |     log_alpha: min=-2.09 median=2.76 max=4.35 frac_prunable=0.403
03:51:34 | INFO | [bayesian_train] epoch 54/100 train_task_loss=1.2343 train_kl=24.37 beta=1.00000 train_acc=0.5627 val_loss=1.0494 val_acc=0.6402 time=40.5s
03:51:34 | INFO |     log_alpha: min=-2.06 median=2.78 max=4.42 frac_prunable=0.407
03:52:14 | INFO | [bayesian_train] epoch 55/100 train_task_loss=1.2377 train_kl=23.98 beta=1.00000 train_acc=0.5601 val_loss=1.0477 val_acc=0.6463 time=40.0s
03:52:14 | INFO |     log_alpha: min=-2.02 median=2.81 max=4.48 frac_prunable=0.420
03:52:55 | INFO | [bayesian_train] epoch 56/100 train_task_loss=1.2490 train_kl=23.61 beta=1.00000 train_acc=0.5573 val_loss=1.0431 val_acc=0.6441 time=40.3s
03:52:55 | INFO |     log_alpha: min=-1.99 median=2.83 max=4.54 frac_prunable=0.434
03:53:35 | INFO | [bayesian_train] epoch 57/100 train_task_loss=1.2423 train_kl=23.26 beta=1.00000 train_acc=0.5618 val_loss=1.0576 val_acc=0.6426 time=40.6s
03:53:35 | INFO |     log_alpha: min=-1.96 median=2.85 max=4.59 frac_prunable=0.438
03:54:16 | INFO | [bayesian_train] epoch 58/100 train_task_loss=1.2407 train_kl=22.94 beta=1.00000 train_acc=0.5611 val_loss=1.0452 val_acc=0.6441 time=40.2s
03:54:16 | INFO |     log_alpha: min=-1.93 median=2.87 max=4.65 frac_prunable=0.447
03:54:56 | INFO | [bayesian_train] epoch 59/100 train_task_loss=1.2498 train_kl=22.64 beta=1.00000 train_acc=0.5578 val_loss=1.0986 val_acc=0.6189 time=40.3s
03:54:56 | INFO |     log_alpha: min=-1.91 median=2.89 max=4.70 frac_prunable=0.460
03:55:36 | INFO | [bayesian_train] epoch 60/100 train_task_loss=1.2466 train_kl=22.36 beta=1.00000 train_acc=0.5590 val_loss=1.0548 val_acc=0.6324 time=40.3s
03:55:36 | INFO |     log_alpha: min=-1.88 median=2.90 max=4.75 frac_prunable=0.469
03:56:16 | INFO | [bayesian_train] epoch 61/100 train_task_loss=1.2470 train_kl=22.10 beta=1.00000 train_acc=0.5589 val_loss=1.0607 val_acc=0.6344 time=39.9s
03:56:16 | INFO |     log_alpha: min=-1.86 median=2.92 max=4.80 frac_prunable=0.473
03:56:56 | INFO | [bayesian_train] epoch 62/100 train_task_loss=1.2515 train_kl=21.86 beta=1.00000 train_acc=0.5538 val_loss=1.1055 val_acc=0.6262 time=40.3s
03:56:57 | INFO |     log_alpha: min=-1.83 median=2.94 max=4.85 frac_prunable=0.478
03:57:37 | INFO | [bayesian_train] epoch 63/100 train_task_loss=1.2491 train_kl=21.64 beta=1.00000 train_acc=0.5582 val_loss=1.0929 val_acc=0.6223 time=40.4s
03:57:37 | INFO |     log_alpha: min=-1.81 median=2.95 max=4.89 frac_prunable=0.478
03:58:17 | INFO | [bayesian_train] epoch 64/100 train_task_loss=1.2528 train_kl=21.43 beta=1.00000 train_acc=0.5569 val_loss=1.0807 val_acc=0.6258 time=40.5s
03:58:17 | INFO |     log_alpha: min=-1.79 median=2.96 max=4.94 frac_prunable=0.482
03:58:58 | INFO | [bayesian_train] epoch 65/100 train_task_loss=1.2559 train_kl=21.23 beta=1.00000 train_acc=0.5532 val_loss=1.0969 val_acc=0.6193 time=40.5s
03:58:58 | INFO |     log_alpha: min=-1.77 median=2.97 max=4.98 frac_prunable=0.487
03:59:38 | INFO | [bayesian_train] epoch 66/100 train_task_loss=1.2517 train_kl=21.05 beta=1.00000 train_acc=0.5530 val_loss=1.0844 val_acc=0.6252 time=40.3s
03:59:38 | INFO |     log_alpha: min=-1.75 median=2.98 max=5.02 frac_prunable=0.496
04:00:19 | INFO | [bayesian_train] epoch 67/100 train_task_loss=1.2462 train_kl=20.88 beta=1.00000 train_acc=0.5566 val_loss=1.0800 val_acc=0.6229 time=40.4s
04:00:19 | INFO |     log_alpha: min=-1.73 median=2.99 max=5.06 frac_prunable=0.500
04:00:59 | INFO | [bayesian_train] epoch 68/100 train_task_loss=1.2490 train_kl=20.71 beta=1.00000 train_acc=0.5543 val_loss=1.0650 val_acc=0.6352 time=40.4s
04:00:59 | INFO |     log_alpha: min=-1.72 median=3.00 max=5.09 frac_prunable=0.504
04:01:39 | INFO | [bayesian_train] epoch 69/100 train_task_loss=1.2581 train_kl=20.57 beta=1.00000 train_acc=0.5527 val_loss=1.0875 val_acc=0.6295 time=40.3s
04:01:39 | INFO |     log_alpha: min=-1.70 median=3.01 max=5.12 frac_prunable=0.504
04:02:19 | INFO | [bayesian_train] epoch 70/100 train_task_loss=1.2516 train_kl=20.43 beta=1.00000 train_acc=0.5578 val_loss=1.0860 val_acc=0.6273 time=40.1s
04:02:19 | INFO |     log_alpha: min=-1.69 median=3.01 max=5.16 frac_prunable=0.504
04:02:59 | INFO | [bayesian_train] epoch 71/100 train_task_loss=1.2412 train_kl=20.30 beta=1.00000 train_acc=0.5593 val_loss=1.0790 val_acc=0.6242 time=40.0s
04:02:59 | INFO |     log_alpha: min=-1.67 median=3.02 max=5.19 frac_prunable=0.504
04:03:40 | INFO | [bayesian_train] epoch 72/100 train_task_loss=1.2499 train_kl=20.17 beta=1.00000 train_acc=0.5573 val_loss=1.0867 val_acc=0.6227 time=40.3s
04:03:40 | INFO |     log_alpha: min=-1.66 median=3.03 max=5.22 frac_prunable=0.504
04:04:20 | INFO | [bayesian_train] epoch 73/100 train_task_loss=1.2578 train_kl=20.07 beta=1.00000 train_acc=0.5524 val_loss=1.1072 val_acc=0.6211 time=40.4s
04:04:20 | INFO |     log_alpha: min=-1.65 median=3.03 max=5.24 frac_prunable=0.509
04:05:01 | INFO | [bayesian_train] epoch 74/100 train_task_loss=1.2551 train_kl=19.97 beta=1.00000 train_acc=0.5540 val_loss=1.0746 val_acc=0.6250 time=40.3s
04:05:01 | INFO |     log_alpha: min=-1.64 median=3.04 max=5.27 frac_prunable=0.509
04:05:41 | INFO | [bayesian_train] epoch 75/100 train_task_loss=1.2525 train_kl=19.87 beta=1.00000 train_acc=0.5534 val_loss=1.1031 val_acc=0.6080 time=40.5s
04:05:41 | INFO |     log_alpha: min=-1.63 median=3.05 max=5.29 frac_prunable=0.509
04:06:21 | INFO | [bayesian_train] epoch 76/100 train_task_loss=1.2487 train_kl=19.79 beta=1.00000 train_acc=0.5576 val_loss=1.0943 val_acc=0.6244 time=40.4s
04:06:21 | INFO |     log_alpha: min=-1.62 median=3.05 max=5.32 frac_prunable=0.509
04:07:01 | INFO | [bayesian_train] epoch 77/100 train_task_loss=1.2501 train_kl=19.71 beta=1.00000 train_acc=0.5547 val_loss=1.0906 val_acc=0.6162 time=39.9s
04:07:01 | INFO |     log_alpha: min=-1.61 median=3.06 max=5.34 frac_prunable=0.509
04:07:42 | INFO | [bayesian_train] epoch 78/100 train_task_loss=1.2452 train_kl=19.64 beta=1.00000 train_acc=0.5592 val_loss=1.0992 val_acc=0.6188 time=40.2s
04:07:42 | INFO |     log_alpha: min=-1.60 median=3.06 max=5.36 frac_prunable=0.509
04:08:22 | INFO | [bayesian_train] epoch 79/100 train_task_loss=1.2480 train_kl=19.57 beta=1.00000 train_acc=0.5567 val_loss=1.0996 val_acc=0.6195 time=40.4s
04:08:22 | INFO |     log_alpha: min=-1.59 median=3.06 max=5.38 frac_prunable=0.513
04:09:02 | INFO | [bayesian_train] epoch 80/100 train_task_loss=1.2483 train_kl=19.51 beta=1.00000 train_acc=0.5551 val_loss=1.1114 val_acc=0.6141 time=40.3s
04:09:02 | INFO |     log_alpha: min=-1.59 median=3.07 max=5.39 frac_prunable=0.513
04:09:43 | INFO | [bayesian_train] epoch 81/100 train_task_loss=1.2504 train_kl=19.45 beta=1.00000 train_acc=0.5556 val_loss=1.1005 val_acc=0.6207 time=40.5s
04:09:43 | INFO |     log_alpha: min=-1.58 median=3.07 max=5.41 frac_prunable=0.518
04:10:23 | INFO | [bayesian_train] epoch 82/100 train_task_loss=1.2491 train_kl=19.40 beta=1.00000 train_acc=0.5580 val_loss=1.0960 val_acc=0.6164 time=40.4s
04:10:23 | INFO |     log_alpha: min=-1.57 median=3.07 max=5.42 frac_prunable=0.518
04:11:04 | INFO | [bayesian_train] epoch 83/100 train_task_loss=1.2450 train_kl=19.36 beta=1.00000 train_acc=0.5598 val_loss=1.0923 val_acc=0.6203 time=40.7s
04:11:04 | INFO |     log_alpha: min=-1.57 median=3.08 max=5.43 frac_prunable=0.518
04:11:44 | INFO | [bayesian_train] epoch 84/100 train_task_loss=1.2433 train_kl=19.32 beta=1.00000 train_acc=0.5598 val_loss=1.0891 val_acc=0.6189 time=40.3s
04:11:44 | INFO |     log_alpha: min=-1.56 median=3.08 max=5.44 frac_prunable=0.518
04:12:25 | INFO | [bayesian_train] epoch 85/100 train_task_loss=1.2498 train_kl=19.28 beta=1.00000 train_acc=0.5570 val_loss=1.0793 val_acc=0.6186 time=40.4s
04:12:25 | INFO |     log_alpha: min=-1.56 median=3.08 max=5.45 frac_prunable=0.518
04:13:05 | INFO | [bayesian_train] epoch 86/100 train_task_loss=1.2417 train_kl=19.25 beta=1.00000 train_acc=0.5574 val_loss=1.0846 val_acc=0.6242 time=40.5s
04:13:05 | INFO |     log_alpha: min=-1.56 median=3.08 max=5.46 frac_prunable=0.518
04:13:46 | INFO | [bayesian_train] epoch 87/100 train_task_loss=1.2442 train_kl=19.22 beta=1.00000 train_acc=0.5590 val_loss=1.0985 val_acc=0.6195 time=40.6s
04:13:46 | INFO |     log_alpha: min=-1.55 median=3.08 max=5.47 frac_prunable=0.518
04:14:26 | INFO | [bayesian_train] epoch 88/100 train_task_loss=1.2478 train_kl=19.20 beta=1.00000 train_acc=0.5561 val_loss=1.0999 val_acc=0.6166 time=40.6s
04:14:26 | INFO |     log_alpha: min=-1.55 median=3.09 max=5.48 frac_prunable=0.518
04:15:06 | INFO | [bayesian_train] epoch 89/100 train_task_loss=1.2505 train_kl=19.18 beta=1.00000 train_acc=0.5568 val_loss=1.1040 val_acc=0.6152 time=40.1s
04:15:06 | INFO |     log_alpha: min=-1.55 median=3.09 max=5.48 frac_prunable=0.518
04:15:47 | INFO | [bayesian_train] epoch 90/100 train_task_loss=1.2375 train_kl=19.16 beta=1.00000 train_acc=0.5593 val_loss=1.1052 val_acc=0.6146 time=40.4s
04:15:47 | INFO |     log_alpha: min=-1.55 median=3.09 max=5.49 frac_prunable=0.518
04:16:27 | INFO | [bayesian_train] epoch 91/100 train_task_loss=1.2436 train_kl=19.15 beta=1.00000 train_acc=0.5582 val_loss=1.1004 val_acc=0.6158 time=39.9s
04:16:27 | INFO |     log_alpha: min=-1.55 median=3.09 max=5.49 frac_prunable=0.518
04:17:06 | INFO | [bayesian_train] epoch 92/100 train_task_loss=1.2501 train_kl=19.14 beta=1.00000 train_acc=0.5585 val_loss=1.1067 val_acc=0.6139 time=39.8s
04:17:06 | INFO |     log_alpha: min=-1.54 median=3.09 max=5.50 frac_prunable=0.518
04:17:47 | INFO | [bayesian_train] epoch 93/100 train_task_loss=1.2445 train_kl=19.13 beta=1.00000 train_acc=0.5592 val_loss=1.1065 val_acc=0.6170 time=40.4s
04:17:47 | INFO |     log_alpha: min=-1.54 median=3.09 max=5.50 frac_prunable=0.518
04:18:27 | INFO | [bayesian_train] epoch 94/100 train_task_loss=1.2457 train_kl=19.12 beta=1.00000 train_acc=0.5553 val_loss=1.1038 val_acc=0.6127 time=40.2s
04:18:27 | INFO |     log_alpha: min=-1.54 median=3.09 max=5.50 frac_prunable=0.518
04:19:07 | INFO | [bayesian_train] epoch 95/100 train_task_loss=1.2425 train_kl=19.11 beta=1.00000 train_acc=0.5611 val_loss=1.1040 val_acc=0.6098 time=40.2s
04:19:07 | INFO |     log_alpha: min=-1.54 median=3.09 max=5.50 frac_prunable=0.518
04:19:48 | INFO | [bayesian_train] epoch 96/100 train_task_loss=1.2476 train_kl=19.11 beta=1.00000 train_acc=0.5595 val_loss=1.1095 val_acc=0.6088 time=40.3s
04:19:48 | INFO |     log_alpha: min=-1.54 median=3.09 max=5.50 frac_prunable=0.518
04:20:28 | INFO | [bayesian_train] epoch 97/100 train_task_loss=1.2466 train_kl=19.11 beta=1.00000 train_acc=0.5556 val_loss=1.1008 val_acc=0.6150 time=40.8s
04:20:28 | INFO |     log_alpha: min=-1.54 median=3.09 max=5.50 frac_prunable=0.518
04:21:09 | INFO | [bayesian_train] epoch 98/100 train_task_loss=1.2472 train_kl=19.11 beta=1.00000 train_acc=0.5593 val_loss=1.1043 val_acc=0.6117 time=40.5s
04:21:09 | INFO |     log_alpha: min=-1.54 median=3.09 max=5.50 frac_prunable=0.518
04:21:49 | INFO | [bayesian_train] epoch 99/100 train_task_loss=1.2461 train_kl=19.10 beta=1.00000 train_acc=0.5575 val_loss=1.1020 val_acc=0.6133 time=40.1s
04:21:49 | INFO |     log_alpha: min=-1.54 median=3.09 max=5.50 frac_prunable=0.518
04:22:29 | INFO | [bayesian_train] epoch 100/100 train_task_loss=1.2457 train_kl=19.10 beta=1.00000 train_acc=0.5578 val_loss=1.1016 val_acc=0.6156 time=40.3s
04:22:29 | INFO |     log_alpha: min=-1.54 median=3.09 max=5.50 frac_prunable=0.518

Computing posterior uncertainty...
04:22:30 | INFO |   conv1: median_log_alpha=-1.43 frac_prunable=0.000 structurally_prunable=True
04:22:30 | INFO |   conv2: median_log_alpha=-0.11 frac_prunable=0.000 structurally_prunable=True
04:22:30 | INFO |   fc1: median_log_alpha=2.59 frac_prunable=0.275 structurally_prunable=True
04:22:30 | INFO |   fc2: median_log_alpha=3.40 frac_prunable=1.000 structurally_prunable=True

Structured pruning...
04:22:32 | INFO | Parameters: 62006 -> 37867 (38.9% pruned)

Fine tuning...
04:23:05 | INFO | [finetune] epoch 1/20 train_task_loss=2.0784 train_kl=0.00 beta=0.00000 train_acc=0.1669 val_loss=1.9634 val_acc=0.1678 time=32.8s
04:23:36 | INFO | [finetune] epoch 2/20 train_task_loss=1.9384 train_kl=0.00 beta=0.00000 train_acc=0.1776 val_loss=1.9162 val_acc=0.1650 time=30.6s
04:24:06 | INFO | [finetune] epoch 3/20 train_task_loss=1.8783 train_kl=0.00 beta=0.00000 train_acc=0.1920 val_loss=1.8388 val_acc=0.1725 time=30.1s
04:24:35 | INFO | [finetune] epoch 4/20 train_task_loss=1.8281 train_kl=0.00 beta=0.00000 train_acc=0.2066 val_loss=1.8029 val_acc=0.2361 time=29.7s
04:25:05 | INFO | [finetune] epoch 5/20 train_task_loss=1.8169 train_kl=0.00 beta=0.00000 train_acc=0.2124 val_loss=1.7905 val_acc=0.2332 time=29.4s
04:25:34 | INFO | [finetune] epoch 6/20 train_task_loss=1.8021 train_kl=0.00 beta=0.00000 train_acc=0.2152 val_loss=1.7982 val_acc=0.2338 time=29.5s
04:26:04 | INFO | [finetune] epoch 7/20 train_task_loss=1.7948 train_kl=0.00 beta=0.00000 train_acc=0.2131 val_loss=1.7691 val_acc=0.2270 time=29.6s
04:26:33 | INFO | [finetune] epoch 8/20 train_task_loss=1.7985 train_kl=0.00 beta=0.00000 train_acc=0.2164 val_loss=1.7401 val_acc=0.2736 time=29.5s
04:27:03 | INFO | [finetune] epoch 9/20 train_task_loss=1.7806 train_kl=0.00 beta=0.00000 train_acc=0.2470 val_loss=1.7344 val_acc=0.2686 time=29.6s
04:27:33 | INFO | [finetune] epoch 10/20 train_task_loss=1.7666 train_kl=0.00 beta=0.00000 train_acc=0.2483 val_loss=1.7582 val_acc=0.2252 time=29.8s
04:28:03 | INFO | [finetune] epoch 11/20 train_task_loss=1.7559 train_kl=0.00 beta=0.00000 train_acc=0.2255 val_loss=1.7437 val_acc=0.1998 time=29.8s
04:28:33 | INFO | [finetune] epoch 12/20 train_task_loss=1.7504 train_kl=0.00 beta=0.00000 train_acc=0.2145 val_loss=1.7496 val_acc=0.1955 time=30.3s
04:29:02 | INFO | [finetune] epoch 13/20 train_task_loss=1.7536 train_kl=0.00 beta=0.00000 train_acc=0.2090 val_loss=1.7518 val_acc=0.1988 time=29.6s
04:29:32 | INFO | [finetune] epoch 14/20 train_task_loss=1.7521 train_kl=0.00 beta=0.00000 train_acc=0.2086 val_loss=1.7492 val_acc=0.2000 time=29.6s
04:30:02 | INFO | [finetune] epoch 15/20 train_task_loss=1.7507 train_kl=0.00 beta=0.00000 train_acc=0.2071 val_loss=1.7453 val_acc=0.1945 time=29.5s
04:30:31 | INFO | [finetune] epoch 16/20 train_task_loss=1.7511 train_kl=0.00 beta=0.00000 train_acc=0.2067 val_loss=1.7417 val_acc=0.1963 time=29.7s
04:31:01 | INFO | [finetune] epoch 17/20 train_task_loss=1.7483 train_kl=0.00 beta=0.00000 train_acc=0.2094 val_loss=1.7452 val_acc=0.1984 time=29.6s
04:31:31 | INFO | [finetune] epoch 18/20 train_task_loss=1.7482 train_kl=0.00 beta=0.00000 train_acc=0.2097 val_loss=1.7487 val_acc=0.1982 time=29.6s
04:32:00 | INFO | [finetune] epoch 19/20 train_task_loss=1.7465 train_kl=0.00 beta=0.00000 train_acc=0.2112 val_loss=1.7445 val_acc=0.2010 time=29.6s
04:32:30 | INFO | [finetune] epoch 20/20 train_task_loss=1.7470 train_kl=0.00 beta=0.00000 train_acc=0.2105 val_loss=1.7463 val_acc=0.2061 time=29.6s

Testing...
04:32:37 | INFO | Final test accuracy after pruning + fine-tuning: 0.2670

Saving checkpoints...

Finished.

============================================================
Running Experiment 2 / 3
VGG9
============================================================

Building model...
04:32:42 | INFO | Model built with 8887978 parameters (gates excluded from count).
Files already downloaded and verified
Files already downloaded and verified
Files already downloaded and verified

Training...
04:34:49 | INFO | [pretrain] epoch 1/100 train_task_loss=1.9561 train_kl=4671.22 beta=0.00000 train_acc=0.2523 val_loss=1.6565 val_acc=0.3586 time=123.1s
04:36:44 | INFO | [pretrain] epoch 2/100 train_task_loss=1.5459 train_kl=4671.22 beta=0.00000 train_acc=0.4088 val_loss=1.3567 val_acc=0.4678 time=115.2s
04:38:40 | INFO | [pretrain] epoch 3/100 train_task_loss=1.3397 train_kl=4671.22 beta=0.00000 train_acc=0.4988 val_loss=1.2619 val_acc=0.5370 time=115.6s
04:40:35 | INFO | [pretrain] epoch 4/100 train_task_loss=1.2018 train_kl=4671.22 beta=0.00000 train_acc=0.5576 val_loss=1.1439 val_acc=0.5906 time=115.0s
04:42:31 | INFO | [pretrain] epoch 5/100 train_task_loss=1.1080 train_kl=4671.22 beta=0.00000 train_acc=0.5984 val_loss=1.0813 val_acc=0.6117 time=115.5s
04:44:25 | INFO | [pretrain] epoch 6/100 train_task_loss=1.0408 train_kl=4671.22 beta=0.00000 train_acc=0.6249 val_loss=1.0078 val_acc=0.6349 time=114.8s
04:46:21 | INFO | [pretrain] epoch 7/100 train_task_loss=0.9818 train_kl=4671.22 beta=0.00000 train_acc=0.6502 val_loss=0.9568 val_acc=0.6788 time=115.4s
04:48:16 | INFO | [pretrain] epoch 8/100 train_task_loss=0.9190 train_kl=4671.22 beta=0.00000 train_acc=0.6719 val_loss=0.8950 val_acc=0.6831 time=115.3s
04:50:12 | INFO | [pretrain] epoch 9/100 train_task_loss=0.8713 train_kl=4671.22 beta=0.00000 train_acc=0.6932 val_loss=0.7883 val_acc=0.7278 time=115.3s
04:52:10 | INFO | [pretrain] epoch 10/100 train_task_loss=0.8185 train_kl=4671.22 beta=0.00000 train_acc=0.7135 val_loss=0.8316 val_acc=0.7148 time=118.4s
04:54:13 | INFO | [pretrain] epoch 11/100 train_task_loss=0.7872 train_kl=4671.22 beta=0.00000 train_acc=0.7255 val_loss=0.7448 val_acc=0.7413 time=123.4s
04:56:09 | INFO | [pretrain] epoch 12/100 train_task_loss=0.7631 train_kl=4671.22 beta=0.00000 train_acc=0.7342 val_loss=0.7482 val_acc=0.7486 time=115.9s
04:58:05 | INFO | [pretrain] epoch 13/100 train_task_loss=0.7317 train_kl=4671.22 beta=0.00000 train_acc=0.7454 val_loss=0.6819 val_acc=0.7694 time=115.3s
05:00:00 | INFO | [pretrain] epoch 14/100 train_task_loss=0.7021 train_kl=4671.22 beta=0.00000 train_acc=0.7568 val_loss=0.7010 val_acc=0.7654 time=115.4s
05:01:56 | INFO | [pretrain] epoch 15/100 train_task_loss=0.6882 train_kl=4671.22 beta=0.00000 train_acc=0.7619 val_loss=0.6749 val_acc=0.7609 time=115.8s
05:03:51 | INFO | [pretrain] epoch 16/100 train_task_loss=0.6638 train_kl=4671.22 beta=0.00000 train_acc=0.7715 val_loss=0.6628 val_acc=0.7682 time=115.0s
05:05:46 | INFO | [pretrain] epoch 17/100 train_task_loss=0.6437 train_kl=4671.22 beta=0.00000 train_acc=0.7770 val_loss=0.7163 val_acc=0.7589 time=115.4s
05:07:42 | INFO | [pretrain] epoch 18/100 train_task_loss=0.6295 train_kl=4671.22 beta=0.00000 train_acc=0.7825 val_loss=0.6655 val_acc=0.7745 time=115.4s
05:09:37 | INFO | [pretrain] epoch 19/100 train_task_loss=0.6254 train_kl=4671.22 beta=0.00000 train_acc=0.7852 val_loss=0.6427 val_acc=0.7852 time=115.2s
05:11:32 | INFO | [pretrain] epoch 20/100 train_task_loss=0.6086 train_kl=4671.22 beta=0.00000 train_acc=0.7914 val_loss=0.6663 val_acc=0.7698 time=115.5s
05:13:28 | INFO | [pretrain] epoch 21/100 train_task_loss=0.5962 train_kl=4671.22 beta=0.00000 train_acc=0.7950 val_loss=0.6457 val_acc=0.7917 time=115.5s
05:15:23 | INFO | [pretrain] epoch 22/100 train_task_loss=0.5913 train_kl=4671.22 beta=0.00000 train_acc=0.7947 val_loss=0.6065 val_acc=0.7967 time=115.4s
05:17:19 | INFO | [pretrain] epoch 23/100 train_task_loss=0.5755 train_kl=4671.22 beta=0.00000 train_acc=0.8015 val_loss=0.6293 val_acc=0.7856 time=115.5s
05:19:14 | INFO | [pretrain] epoch 24/100 train_task_loss=0.5701 train_kl=4671.22 beta=0.00000 train_acc=0.8027 val_loss=0.6743 val_acc=0.7718 time=115.2s
05:21:09 | INFO | [pretrain] epoch 25/100 train_task_loss=0.5511 train_kl=4671.22 beta=0.00000 train_acc=0.8124 val_loss=0.6320 val_acc=0.7876 time=115.3s
05:23:05 | INFO | [pretrain] epoch 26/100 train_task_loss=0.5432 train_kl=4671.22 beta=0.00000 train_acc=0.8137 val_loss=0.5938 val_acc=0.7991 time=115.2s
05:25:00 | INFO | [pretrain] epoch 27/100 train_task_loss=0.5405 train_kl=4671.22 beta=0.00000 train_acc=0.8161 val_loss=0.6191 val_acc=0.7927 time=115.5s
05:26:56 | INFO | [pretrain] epoch 28/100 train_task_loss=0.5306 train_kl=4671.22 beta=0.00000 train_acc=0.8187 val_loss=0.5812 val_acc=0.8093 time=115.8s
05:28:52 | INFO | [pretrain] epoch 29/100 train_task_loss=0.5198 train_kl=4671.22 beta=0.00000 train_acc=0.8229 val_loss=0.5928 val_acc=0.8058 time=115.6s
05:30:48 | INFO | [pretrain] epoch 30/100 train_task_loss=0.5128 train_kl=4671.22 beta=0.00000 train_acc=0.8246 val_loss=0.5981 val_acc=0.7969 time=116.0s
05:32:46 | INFO | [pretrain] epoch 31/100 train_task_loss=0.5074 train_kl=4671.22 beta=0.00000 train_acc=0.8278 val_loss=0.5821 val_acc=0.8076 time=118.4s
05:34:44 | INFO | [pretrain] epoch 32/100 train_task_loss=0.4998 train_kl=4671.22 beta=0.00000 train_acc=0.8285 val_loss=0.5740 val_acc=0.8024 time=118.5s
05:36:43 | INFO | [pretrain] epoch 33/100 train_task_loss=0.4903 train_kl=4671.22 beta=0.00000 train_acc=0.8323 val_loss=0.5807 val_acc=0.8099 time=118.9s
05:38:42 | INFO | [pretrain] epoch 34/100 train_task_loss=0.4872 train_kl=4671.22 beta=0.00000 train_acc=0.8339 val_loss=0.5709 val_acc=0.8078 time=118.9s
05:40:41 | INFO | [pretrain] epoch 35/100 train_task_loss=0.4785 train_kl=4671.22 beta=0.00000 train_acc=0.8366 val_loss=0.5530 val_acc=0.8159 time=119.0s
05:42:40 | INFO | [pretrain] epoch 36/100 train_task_loss=0.4741 train_kl=4671.22 beta=0.00000 train_acc=0.8376 val_loss=0.5865 val_acc=0.8083 time=118.8s
05:44:39 | INFO | [pretrain] epoch 37/100 train_task_loss=0.4684 train_kl=4671.22 beta=0.00000 train_acc=0.8408 val_loss=0.5739 val_acc=0.8066 time=118.8s
05:46:38 | INFO | [pretrain] epoch 38/100 train_task_loss=0.4609 train_kl=4671.22 beta=0.00000 train_acc=0.8431 val_loss=0.5745 val_acc=0.8163 time=119.1s
05:48:37 | INFO | [pretrain] epoch 39/100 train_task_loss=0.4577 train_kl=4671.22 beta=0.00000 train_acc=0.8426 val_loss=0.5861 val_acc=0.8030 time=118.5s
05:50:35 | INFO | [pretrain] epoch 40/100 train_task_loss=0.4494 train_kl=4671.22 beta=0.00000 train_acc=0.8439 val_loss=0.5788 val_acc=0.8174 time=118.7s
05:52:34 | INFO | [pretrain] epoch 41/100 train_task_loss=0.4458 train_kl=4671.22 beta=0.00000 train_acc=0.8484 val_loss=0.5451 val_acc=0.8184 time=118.3s
05:54:32 | INFO | [pretrain] epoch 42/100 train_task_loss=0.4384 train_kl=4671.22 beta=0.00000 train_acc=0.8498 val_loss=0.5354 val_acc=0.8301 time=118.7s
05:56:31 | INFO | [pretrain] epoch 43/100 train_task_loss=0.4262 train_kl=4671.22 beta=0.00000 train_acc=0.8539 val_loss=0.5716 val_acc=0.8119 time=118.2s
05:58:34 | INFO | [pretrain] epoch 44/100 train_task_loss=0.4258 train_kl=4671.22 beta=0.00000 train_acc=0.8547 val_loss=0.5124 val_acc=0.8315 time=123.3s
06:00:34 | INFO | [pretrain] epoch 45/100 train_task_loss=0.4189 train_kl=4671.22 beta=0.00000 train_acc=0.8573 val_loss=0.5328 val_acc=0.8258 time=119.9s
06:02:32 | INFO | [pretrain] epoch 46/100 train_task_loss=0.4114 train_kl=4671.22 beta=0.00000 train_acc=0.8590 val_loss=0.5409 val_acc=0.8165 time=118.5s
06:04:31 | INFO | [pretrain] epoch 47/100 train_task_loss=0.4062 train_kl=4671.22 beta=0.00000 train_acc=0.8600 val_loss=0.5165 val_acc=0.8327 time=118.1s
06:06:29 | INFO | [pretrain] epoch 48/100 train_task_loss=0.3996 train_kl=4671.22 beta=0.00000 train_acc=0.8642 val_loss=0.5397 val_acc=0.8261 time=118.2s
06:08:27 | INFO | [pretrain] epoch 49/100 train_task_loss=0.3931 train_kl=4671.22 beta=0.00000 train_acc=0.8659 val_loss=0.5632 val_acc=0.8204 time=118.3s
06:10:25 | INFO | [pretrain] epoch 50/100 train_task_loss=0.3900 train_kl=4671.22 beta=0.00000 train_acc=0.8679 val_loss=0.5181 val_acc=0.8428 time=118.0s
06:12:28 | INFO | [pretrain] epoch 51/100 train_task_loss=0.3817 train_kl=4671.22 beta=0.00000 train_acc=0.8682 val_loss=0.5114 val_acc=0.8368 time=123.1s
06:14:26 | INFO | [pretrain] epoch 52/100 train_task_loss=0.3804 train_kl=4671.22 beta=0.00000 train_acc=0.8692 val_loss=0.5367 val_acc=0.8259 time=117.7s
06:16:24 | INFO | [pretrain] epoch 53/100 train_task_loss=0.3733 train_kl=4671.22 beta=0.00000 train_acc=0.8724 val_loss=0.5239 val_acc=0.8350 time=117.7s
06:18:23 | INFO | [pretrain] epoch 54/100 train_task_loss=0.3680 train_kl=4671.22 beta=0.00000 train_acc=0.8739 val_loss=0.5113 val_acc=0.8319 time=119.5s
06:20:22 | INFO | [pretrain] epoch 55/100 train_task_loss=0.3634 train_kl=4671.22 beta=0.00000 train_acc=0.8740 val_loss=0.5516 val_acc=0.8240 time=118.3s
06:22:20 | INFO | [pretrain] epoch 56/100 train_task_loss=0.3552 train_kl=4671.22 beta=0.00000 train_acc=0.8780 val_loss=0.5670 val_acc=0.8269 time=118.2s
06:24:18 | INFO | [pretrain] epoch 57/100 train_task_loss=0.3574 train_kl=4671.22 beta=0.00000 train_acc=0.8781 val_loss=0.5300 val_acc=0.8358 time=118.6s
06:26:16 | INFO | [pretrain] epoch 58/100 train_task_loss=0.3467 train_kl=4671.22 beta=0.00000 train_acc=0.8789 val_loss=0.5203 val_acc=0.8412 time=117.6s
06:28:14 | INFO | [pretrain] epoch 59/100 train_task_loss=0.3444 train_kl=4671.22 beta=0.00000 train_acc=0.8817 val_loss=0.4816 val_acc=0.8445 time=118.2s
06:30:12 | INFO | [pretrain] epoch 60/100 train_task_loss=0.3404 train_kl=4671.22 beta=0.00000 train_acc=0.8847 val_loss=0.4934 val_acc=0.8439 time=117.7s
06:32:10 | INFO | [pretrain] epoch 61/100 train_task_loss=0.3333 train_kl=4671.22 beta=0.00000 train_acc=0.8860 val_loss=0.5039 val_acc=0.8430 time=118.2s
06:34:08 | INFO | [pretrain] epoch 62/100 train_task_loss=0.3274 train_kl=4671.22 beta=0.00000 train_acc=0.8888 val_loss=0.5106 val_acc=0.8412 time=118.0s
06:36:06 | INFO | [pretrain] epoch 63/100 train_task_loss=0.3228 train_kl=4671.22 beta=0.00000 train_acc=0.8897 val_loss=0.5078 val_acc=0.8368 time=118.2s
06:38:04 | INFO | [pretrain] epoch 64/100 train_task_loss=0.3203 train_kl=4671.22 beta=0.00000 train_acc=0.8889 val_loss=0.5380 val_acc=0.8279 time=118.0s
06:40:02 | INFO | [pretrain] epoch 65/100 train_task_loss=0.3196 train_kl=4671.22 beta=0.00000 train_acc=0.8899 val_loss=0.5158 val_acc=0.8414 time=117.4s
06:42:00 | INFO | [pretrain] epoch 66/100 train_task_loss=0.3136 train_kl=4671.22 beta=0.00000 train_acc=0.8915 val_loss=0.5246 val_acc=0.8345 time=118.5s
06:43:58 | INFO | [pretrain] epoch 67/100 train_task_loss=0.3062 train_kl=4671.22 beta=0.00000 train_acc=0.8938 val_loss=0.5193 val_acc=0.8426 time=118.3s
06:45:57 | INFO | [pretrain] epoch 68/100 train_task_loss=0.3048 train_kl=4671.22 beta=0.00000 train_acc=0.8949 val_loss=0.5283 val_acc=0.8404 time=118.5s
06:47:55 | INFO | [pretrain] epoch 69/100 train_task_loss=0.2967 train_kl=4671.22 beta=0.00000 train_acc=0.8980 val_loss=0.5044 val_acc=0.8465 time=118.4s
06:49:53 | INFO | [pretrain] epoch 70/100 train_task_loss=0.2956 train_kl=4671.22 beta=0.00000 train_acc=0.8977 val_loss=0.5183 val_acc=0.8416 time=118.1s
06:51:51 | INFO | [pretrain] epoch 71/100 train_task_loss=0.2921 train_kl=4671.22 beta=0.00000 train_acc=0.8994 val_loss=0.4953 val_acc=0.8449 time=117.9s
06:53:50 | INFO | [pretrain] epoch 72/100 train_task_loss=0.2884 train_kl=4671.22 beta=0.00000 train_acc=0.8997 val_loss=0.5102 val_acc=0.8459 time=118.2s
06:55:48 | INFO | [pretrain] epoch 73/100 train_task_loss=0.2796 train_kl=4671.22 beta=0.00000 train_acc=0.9043 val_loss=0.5099 val_acc=0.8443 time=118.4s
06:57:46 | INFO | [pretrain] epoch 74/100 train_task_loss=0.2773 train_kl=4671.22 beta=0.00000 train_acc=0.9044 val_loss=0.5258 val_acc=0.8475 time=118.3s
06:59:45 | INFO | [pretrain] epoch 75/100 train_task_loss=0.2733 train_kl=4671.22 beta=0.00000 train_acc=0.9064 val_loss=0.5047 val_acc=0.8479 time=118.2s
07:01:42 | INFO | [pretrain] epoch 76/100 train_task_loss=0.2717 train_kl=4671.22 beta=0.00000 train_acc=0.9073 val_loss=0.5064 val_acc=0.8483 time=117.8s
07:03:40 | INFO | [pretrain] epoch 77/100 train_task_loss=0.2654 train_kl=4671.22 beta=0.00000 train_acc=0.9096 val_loss=0.5185 val_acc=0.8438 time=117.9s
07:05:38 | INFO | [pretrain] epoch 78/100 train_task_loss=0.2622 train_kl=4671.22 beta=0.00000 train_acc=0.9092 val_loss=0.5042 val_acc=0.8465 time=117.8s
07:07:36 | INFO | [pretrain] epoch 79/100 train_task_loss=0.2599 train_kl=4671.22 beta=0.00000 train_acc=0.9108 val_loss=0.5107 val_acc=0.8536 time=118.3s
07:09:35 | INFO | [pretrain] epoch 80/100 train_task_loss=0.2590 train_kl=4671.22 beta=0.00000 train_acc=0.9119 val_loss=0.5118 val_acc=0.8487 time=118.5s
07:11:33 | INFO | [pretrain] epoch 81/100 train_task_loss=0.2534 train_kl=4671.22 beta=0.00000 train_acc=0.9133 val_loss=0.5130 val_acc=0.8449 time=118.2s
07:13:32 | INFO | [pretrain] epoch 82/100 train_task_loss=0.2508 train_kl=4671.22 beta=0.00000 train_acc=0.9132 val_loss=0.5109 val_acc=0.8515 time=118.8s
07:15:30 | INFO | [pretrain] epoch 83/100 train_task_loss=0.2513 train_kl=4671.22 beta=0.00000 train_acc=0.9132 val_loss=0.5076 val_acc=0.8487 time=118.5s
07:17:35 | INFO | [pretrain] epoch 84/100 train_task_loss=0.2456 train_kl=4671.22 beta=0.00000 train_acc=0.9157 val_loss=0.5065 val_acc=0.8499 time=124.3s
07:19:33 | INFO | [pretrain] epoch 85/100 train_task_loss=0.2452 train_kl=4671.22 beta=0.00000 train_acc=0.9158 val_loss=0.5019 val_acc=0.8523 time=118.3s
07:21:31 | INFO | [pretrain] epoch 86/100 train_task_loss=0.2450 train_kl=4671.22 beta=0.00000 train_acc=0.9151 val_loss=0.5029 val_acc=0.8505 time=117.7s
07:23:32 | INFO | [pretrain] epoch 87/100 train_task_loss=0.2392 train_kl=4671.22 beta=0.00000 train_acc=0.9170 val_loss=0.5147 val_acc=0.8491 time=121.6s
07:25:31 | INFO | [pretrain] epoch 88/100 train_task_loss=0.2405 train_kl=4671.22 beta=0.00000 train_acc=0.9167 val_loss=0.5061 val_acc=0.8509 time=118.3s
07:27:29 | INFO | [pretrain] epoch 89/100 train_task_loss=0.2381 train_kl=4671.22 beta=0.00000 train_acc=0.9177 val_loss=0.5126 val_acc=0.8455 time=118.1s
07:29:27 | INFO | [pretrain] epoch 90/100 train_task_loss=0.2357 train_kl=4671.22 beta=0.00000 train_acc=0.9186 val_loss=0.5150 val_acc=0.8475 time=118.4s
07:31:25 | INFO | [pretrain] epoch 91/100 train_task_loss=0.2367 train_kl=4671.22 beta=0.00000 train_acc=0.9188 val_loss=0.5090 val_acc=0.8465 time=117.7s
07:33:22 | INFO | [pretrain] epoch 92/100 train_task_loss=0.2349 train_kl=4671.22 beta=0.00000 train_acc=0.9189 val_loss=0.5034 val_acc=0.8503 time=117.6s
07:35:20 | INFO | [pretrain] epoch 93/100 train_task_loss=0.2291 train_kl=4671.22 beta=0.00000 train_acc=0.9219 val_loss=0.5129 val_acc=0.8499 time=118.1s
07:37:18 | INFO | [pretrain] epoch 94/100 train_task_loss=0.2333 train_kl=4671.22 beta=0.00000 train_acc=0.9203 val_loss=0.5050 val_acc=0.8475 time=117.7s
07:39:16 | INFO | [pretrain] epoch 95/100 train_task_loss=0.2305 train_kl=4671.22 beta=0.00000 train_acc=0.9217 val_loss=0.5020 val_acc=0.8497 time=118.1s
07:41:14 | INFO | [pretrain] epoch 96/100 train_task_loss=0.2297 train_kl=4671.22 beta=0.00000 train_acc=0.9215 val_loss=0.5064 val_acc=0.8505 time=117.7s
07:43:12 | INFO | [pretrain] epoch 97/100 train_task_loss=0.2272 train_kl=4671.22 beta=0.00000 train_acc=0.9217 val_loss=0.5082 val_acc=0.8509 time=118.1s
07:45:09 | INFO | [pretrain] epoch 98/100 train_task_loss=0.2299 train_kl=4671.22 beta=0.00000 train_acc=0.9205 val_loss=0.5027 val_acc=0.8517 time=117.3s
07:47:08 | INFO | [pretrain] epoch 99/100 train_task_loss=0.2285 train_kl=4671.22 beta=0.00000 train_acc=0.9215 val_loss=0.5023 val_acc=0.8511 time=118.2s
07:49:06 | INFO | [pretrain] epoch 100/100 train_task_loss=0.2310 train_kl=4671.22 beta=0.00000 train_acc=0.9209 val_loss=0.5032 val_acc=0.8499 time=118.0s

Validation...
07:49:12 | INFO | Post-pretrain validation accuracy: 0.8536
07:49:35 | INFO | Test accuracy before Bayesian conversion: 0.8500

Converting to Bayesian...
07:49:35 | INFO | Bayesian gates activated on every structurally-prunable layer.

Training Bayesian gates...
07:52:06 | INFO | [bayesian_train] epoch 1/120 train_task_loss=0.3394 train_kl=4672.09 beta=0.00000 train_acc=0.8831 val_loss=0.5298 val_acc=0.8388 time=150.8s
07:52:07 | INFO |     log_alpha: min=-3.06 median=-3.00 max=-2.97 frac_prunable=0.000
07:54:37 | INFO | [bayesian_train] epoch 2/120 train_task_loss=0.3416 train_kl=4294.44 beta=0.00667 train_acc=0.8822 val_loss=0.5415 val_acc=0.8368 time=150.5s
07:54:37 | INFO |     log_alpha: min=-3.06 median=-2.39 max=-2.39 frac_prunable=0.000
07:57:08 | INFO | [bayesian_train] epoch 3/120 train_task_loss=0.3465 train_kl=3703.70 beta=0.01333 train_acc=0.8804 val_loss=0.5473 val_acc=0.8331 time=150.8s
07:57:08 | INFO |     log_alpha: min=-3.07 median=-1.85 max=-1.85 frac_prunable=0.000
07:59:38 | INFO | [bayesian_train] epoch 4/120 train_task_loss=0.3474 train_kl=3104.82 beta=0.02000 train_acc=0.8803 val_loss=0.5317 val_acc=0.8283 time=150.0s
07:59:38 | INFO |     log_alpha: min=-3.08 median=-1.36 max=-1.36 frac_prunable=0.000
08:02:08 | INFO | [bayesian_train] epoch 5/120 train_task_loss=0.3481 train_kl=2545.42 beta=0.02667 train_acc=0.8813 val_loss=0.5286 val_acc=0.8329 time=150.3s
08:02:08 | INFO |     log_alpha: min=-3.10 median=-0.91 max=-0.91 frac_prunable=0.000
08:04:38 | INFO | [bayesian_train] epoch 6/120 train_task_loss=0.3449 train_kl=2077.97 beta=0.03333 train_acc=0.8816 val_loss=0.5214 val_acc=0.8354 time=149.7s
08:04:38 | INFO |     log_alpha: min=-3.11 median=-0.51 max=-0.51 frac_prunable=0.000
08:07:08 | INFO | [bayesian_train] epoch 7/120 train_task_loss=0.3435 train_kl=1720.20 beta=0.04000 train_acc=0.8822 val_loss=0.5452 val_acc=0.8343 time=149.9s
08:07:08 | INFO |     log_alpha: min=-3.14 median=-0.15 max=-0.15 frac_prunable=0.000
08:09:38 | INFO | [bayesian_train] epoch 8/120 train_task_loss=0.3412 train_kl=1446.81 beta=0.04667 train_acc=0.8836 val_loss=0.5253 val_acc=0.8410 time=150.0s
08:09:38 | INFO |     log_alpha: min=-3.16 median=0.19 max=0.19 frac_prunable=0.000
08:12:08 | INFO | [bayesian_train] epoch 9/120 train_task_loss=0.3507 train_kl=1240.00 beta=0.05333 train_acc=0.8784 val_loss=0.5514 val_acc=0.8307 time=149.8s
08:12:08 | INFO |     log_alpha: min=-3.16 median=0.51 max=0.51 frac_prunable=0.000
08:14:38 | INFO | [bayesian_train] epoch 10/120 train_task_loss=0.3512 train_kl=1082.63 beta=0.06000 train_acc=0.8794 val_loss=0.5208 val_acc=0.8291 time=150.2s
08:14:38 | INFO |     log_alpha: min=-3.20 median=0.81 max=0.81 frac_prunable=0.000
08:17:08 | INFO | [bayesian_train] epoch 11/120 train_task_loss=0.3500 train_kl=957.69 beta=0.06667 train_acc=0.8806 val_loss=0.5555 val_acc=0.8341 time=149.8s
08:17:08 | INFO |     log_alpha: min=-3.18 median=1.11 max=1.11 frac_prunable=0.000
08:19:38 | INFO | [bayesian_train] epoch 12/120 train_task_loss=0.3532 train_kl=857.61 beta=0.07333 train_acc=0.8798 val_loss=0.5572 val_acc=0.8323 time=149.9s
08:19:38 | INFO |     log_alpha: min=-3.19 median=1.40 max=1.40 frac_prunable=0.000
08:22:11 | INFO | [bayesian_train] epoch 13/120 train_task_loss=0.3531 train_kl=779.31 beta=0.08000 train_acc=0.8806 val_loss=0.5336 val_acc=0.8449 time=153.3s
08:22:11 | INFO |     log_alpha: min=-3.18 median=1.68 max=1.68 frac_prunable=0.000
08:24:43 | INFO | [bayesian_train] epoch 14/120 train_task_loss=0.3611 train_kl=716.24 beta=0.08667 train_acc=0.8761 val_loss=0.5326 val_acc=0.8370 time=151.9s
08:24:43 | INFO |     log_alpha: min=-3.19 median=1.95 max=1.95 frac_prunable=0.000
08:27:13 | INFO | [bayesian_train] epoch 15/120 train_task_loss=0.3647 train_kl=664.12 beta=0.09333 train_acc=0.8754 val_loss=0.5209 val_acc=0.8428 time=149.8s
08:27:13 | INFO |     log_alpha: min=-3.20 median=2.21 max=2.21 frac_prunable=0.000
08:29:46 | INFO | [bayesian_train] epoch 16/120 train_task_loss=0.3634 train_kl=620.76 beta=0.10000 train_acc=0.8762 val_loss=0.5562 val_acc=0.8372 time=152.9s
08:29:46 | INFO |     log_alpha: min=-3.20 median=2.48 max=2.48 frac_prunable=0.000
08:32:16 | INFO | [bayesian_train] epoch 17/120 train_task_loss=0.3631 train_kl=583.31 beta=0.10667 train_acc=0.8777 val_loss=0.5372 val_acc=0.8416 time=150.0s
08:32:16 | INFO |     log_alpha: min=-3.20 median=2.74 max=2.74 frac_prunable=0.000
08:34:46 | INFO | [bayesian_train] epoch 18/120 train_task_loss=0.3735 train_kl=551.10 beta=0.11333 train_acc=0.8770 val_loss=0.5375 val_acc=0.8414 time=149.8s
08:34:46 | INFO |     log_alpha: min=-3.19 median=2.99 max=2.99 frac_prunable=0.000
08:37:16 | INFO | [bayesian_train] epoch 19/120 train_task_loss=0.3708 train_kl=522.30 beta=0.12000 train_acc=0.8750 val_loss=0.5314 val_acc=0.8362 time=150.0s
08:37:16 | INFO |     log_alpha: min=-3.17 median=3.24 max=3.24 frac_prunable=0.850
08:39:47 | INFO | [bayesian_train] epoch 20/120 train_task_loss=0.3747 train_kl=495.83 beta=0.12667 train_acc=0.8770 val_loss=0.5302 val_acc=0.8378 time=150.4s
08:39:47 | INFO |     log_alpha: min=-3.19 median=3.49 max=3.49 frac_prunable=0.850
08:42:17 | INFO | [bayesian_train] epoch 21/120 train_task_loss=0.3767 train_kl=472.19 beta=0.13333 train_acc=0.8757 val_loss=0.5244 val_acc=0.8443 time=150.4s
08:42:17 | INFO |     log_alpha: min=-3.18 median=3.74 max=3.74 frac_prunable=0.850
08:44:47 | INFO | [bayesian_train] epoch 22/120 train_task_loss=0.3765 train_kl=449.61 beta=0.14000 train_acc=0.8762 val_loss=0.5608 val_acc=0.8339 time=150.0s
08:44:47 | INFO |     log_alpha: min=-3.17 median=3.98 max=3.98 frac_prunable=0.850
08:47:17 | INFO | [bayesian_train] epoch 23/120 train_task_loss=0.3845 train_kl=428.63 beta=0.14667 train_acc=0.8731 val_loss=0.5431 val_acc=0.8457 time=150.2s
08:47:17 | INFO |     log_alpha: min=-3.16 median=4.22 max=4.22 frac_prunable=0.850
08:49:48 | INFO | [bayesian_train] epoch 24/120 train_task_loss=0.3870 train_kl=409.03 beta=0.15333 train_acc=0.8720 val_loss=0.5465 val_acc=0.8461 time=150.4s
08:49:48 | INFO |     log_alpha: min=-3.14 median=4.46 max=4.46 frac_prunable=0.850
08:52:17 | INFO | [bayesian_train] epoch 25/120 train_task_loss=0.3900 train_kl=390.62 beta=0.16000 train_acc=0.8714 val_loss=0.5530 val_acc=0.8408 time=149.8s
08:52:17 | INFO |     log_alpha: min=-3.15 median=4.69 max=4.69 frac_prunable=0.850
08:54:48 | INFO | [bayesian_train] epoch 26/120 train_task_loss=0.3959 train_kl=373.34 beta=0.16667 train_acc=0.8698 val_loss=0.5574 val_acc=0.8315 time=150.1s
08:54:48 | INFO |     log_alpha: min=-3.14 median=4.92 max=4.92 frac_prunable=0.850
08:57:18 | INFO | [bayesian_train] epoch 27/120 train_task_loss=0.3962 train_kl=356.94 beta=0.17333 train_acc=0.8686 val_loss=0.5368 val_acc=0.8398 time=150.0s
08:57:18 | INFO |     log_alpha: min=-3.11 median=5.14 max=5.14 frac_prunable=0.850
08:59:48 | INFO | [bayesian_train] epoch 28/120 train_task_loss=0.4059 train_kl=341.34 beta=0.18000 train_acc=0.8660 val_loss=0.5574 val_acc=0.8392 time=150.3s
08:59:48 | INFO |     log_alpha: min=-3.11 median=5.37 max=5.37 frac_prunable=0.850
09:02:18 | INFO | [bayesian_train] epoch 29/120 train_task_loss=0.4083 train_kl=326.80 beta=0.18667 train_acc=0.8661 val_loss=0.5232 val_acc=0.8479 time=150.1s
09:02:18 | INFO |     log_alpha: min=-3.09 median=5.59 max=5.59 frac_prunable=0.850
09:04:48 | INFO | [bayesian_train] epoch 30/120 train_task_loss=0.4034 train_kl=313.09 beta=0.19333 train_acc=0.8666 val_loss=0.5553 val_acc=0.8360 time=149.9s
09:04:48 | INFO |     log_alpha: min=-3.06 median=5.81 max=5.81 frac_prunable=0.850
09:07:17 | INFO | [bayesian_train] epoch 31/120 train_task_loss=0.4082 train_kl=299.86 beta=0.20000 train_acc=0.8668 val_loss=0.5648 val_acc=0.8408 time=149.5s
09:07:17 | INFO |     log_alpha: min=-3.04 median=6.03 max=6.03 frac_prunable=0.850
09:09:46 | INFO | [bayesian_train] epoch 32/120 train_task_loss=0.4164 train_kl=287.36 beta=0.20667 train_acc=0.8634 val_loss=0.5680 val_acc=0.8378 time=148.5s
09:09:46 | INFO |     log_alpha: min=-3.01 median=6.24 max=6.24 frac_prunable=0.850
09:12:15 | INFO | [bayesian_train] epoch 33/120 train_task_loss=0.4196 train_kl=275.57 beta=0.21333 train_acc=0.8636 val_loss=0.5557 val_acc=0.8455 time=149.4s
09:12:15 | INFO |     log_alpha: min=-2.99 median=6.46 max=6.46 frac_prunable=0.850
09:14:46 | INFO | [bayesian_train] epoch 34/120 train_task_loss=0.4242 train_kl=264.81 beta=0.22000 train_acc=0.8626 val_loss=0.5260 val_acc=0.8532 time=150.5s
09:14:46 | INFO |     log_alpha: min=-2.97 median=6.66 max=6.66 frac_prunable=0.850
09:17:15 | INFO | [bayesian_train] epoch 35/120 train_task_loss=0.4309 train_kl=254.57 beta=0.22667 train_acc=0.8600 val_loss=0.5369 val_acc=0.8441 time=149.4s
09:17:15 | INFO |     log_alpha: min=-2.96 median=6.87 max=6.87 frac_prunable=0.850
09:19:46 | INFO | [bayesian_train] epoch 36/120 train_task_loss=0.4299 train_kl=244.93 beta=0.23333 train_acc=0.8609 val_loss=0.5635 val_acc=0.8378 time=150.5s
09:19:46 | INFO |     log_alpha: min=-2.95 median=7.07 max=7.07 frac_prunable=0.850
09:22:17 | INFO | [bayesian_train] epoch 37/120 train_task_loss=0.4353 train_kl=235.90 beta=0.24000 train_acc=0.8597 val_loss=0.5305 val_acc=0.8402 time=150.8s
09:22:17 | INFO |     log_alpha: min=-2.93 median=7.27 max=7.27 frac_prunable=0.850
09:24:47 | INFO | [bayesian_train] epoch 38/120 train_task_loss=0.4327 train_kl=227.37 beta=0.24667 train_acc=0.8612 val_loss=0.6077 val_acc=0.8430 time=150.3s
09:24:47 | INFO |     log_alpha: min=-2.89 median=7.47 max=7.47 frac_prunable=0.850
09:27:17 | INFO | [bayesian_train] epoch 39/120 train_task_loss=0.4357 train_kl=219.40 beta=0.25333 train_acc=0.8595 val_loss=0.6135 val_acc=0.8348 time=150.2s
09:27:17 | INFO |     log_alpha: min=-2.86 median=7.66 max=7.66 frac_prunable=0.850
09:29:50 | INFO | [bayesian_train] epoch 40/120 train_task_loss=0.4439 train_kl=211.93 beta=0.26000 train_acc=0.8567 val_loss=0.5425 val_acc=0.8477 time=152.3s
09:29:50 | INFO |     log_alpha: min=-2.83 median=7.85 max=7.85 frac_prunable=0.850
09:32:14 | INFO | [bayesian_train] epoch 41/120 train_task_loss=0.4485 train_kl=204.82 beta=0.26667 train_acc=0.8534 val_loss=0.5967 val_acc=0.8376 time=144.6s
09:32:14 | INFO |     log_alpha: min=-2.80 median=8.00 max=8.00 frac_prunable=0.850
09:34:40 | INFO | [bayesian_train] epoch 42/120 train_task_loss=0.4543 train_kl=197.99 beta=0.27333 train_acc=0.8532 val_loss=0.5388 val_acc=0.8497 time=146.2s
09:34:41 | INFO |     log_alpha: min=-2.76 median=8.00 max=8.00 frac_prunable=0.850
09:37:05 | INFO | [bayesian_train] epoch 43/120 train_task_loss=0.4567 train_kl=191.61 beta=0.28000 train_acc=0.8514 val_loss=0.5909 val_acc=0.8396 time=144.4s
09:37:05 | INFO |     log_alpha: min=-2.72 median=8.00 max=8.00 frac_prunable=0.850
09:39:30 | INFO | [bayesian_train] epoch 44/120 train_task_loss=0.4551 train_kl=185.68 beta=0.28667 train_acc=0.8525 val_loss=0.5645 val_acc=0.8527 time=144.6s
09:39:30 | INFO |     log_alpha: min=-2.69 median=8.00 max=8.00 frac_prunable=0.850
09:41:53 | INFO | [bayesian_train] epoch 45/120 train_task_loss=0.4627 train_kl=180.19 beta=0.29333 train_acc=0.8499 val_loss=0.5275 val_acc=0.8501 time=143.2s
09:41:53 | INFO |     log_alpha: min=-2.66 median=8.00 max=8.00 frac_prunable=0.850
09:44:23 | INFO | [bayesian_train] epoch 46/120 train_task_loss=0.4628 train_kl=174.93 beta=0.30000 train_acc=0.8505 val_loss=0.5463 val_acc=0.8497 time=149.7s
09:44:23 | INFO |     log_alpha: min=-2.62 median=8.00 max=8.00 frac_prunable=0.850
09:46:53 | INFO | [bayesian_train] epoch 47/120 train_task_loss=0.4716 train_kl=169.88 beta=0.30667 train_acc=0.8484 val_loss=0.5509 val_acc=0.8453 time=150.2s
09:46:53 | INFO |     log_alpha: min=-2.59 median=8.00 max=8.00 frac_prunable=0.850
09:49:24 | INFO | [bayesian_train] epoch 48/120 train_task_loss=0.4741 train_kl=165.17 beta=0.31333 train_acc=0.8469 val_loss=0.5663 val_acc=0.8465 time=150.7s
09:49:24 | INFO |     log_alpha: min=-2.55 median=8.00 max=8.00 frac_prunable=0.850
09:51:54 | INFO | [bayesian_train] epoch 49/120 train_task_loss=0.4760 train_kl=160.71 beta=0.32000 train_acc=0.8476 val_loss=0.6235 val_acc=0.8380 time=150.7s
09:51:54 | INFO |     log_alpha: min=-2.52 median=8.00 max=8.00 frac_prunable=0.850
09:54:25 | INFO | [bayesian_train] epoch 50/120 train_task_loss=0.4811 train_kl=156.50 beta=0.32667 train_acc=0.8464 val_loss=0.5562 val_acc=0.8509 time=150.3s
09:54:25 | INFO |     log_alpha: min=-2.48 median=8.00 max=8.00 frac_prunable=0.850
09:56:56 | INFO | [bayesian_train] epoch 51/120 train_task_loss=0.4788 train_kl=152.62 beta=0.33333 train_acc=0.8484 val_loss=0.5768 val_acc=0.8471 time=151.0s
09:56:56 | INFO |     log_alpha: min=-2.43 median=8.00 max=8.00 frac_prunable=0.850
09:59:26 | INFO | [bayesian_train] epoch 52/120 train_task_loss=0.4829 train_kl=148.82 beta=0.34000 train_acc=0.8461 val_loss=0.5956 val_acc=0.8489 time=150.8s
09:59:26 | INFO |     log_alpha: min=-2.40 median=8.00 max=8.00 frac_prunable=0.850
10:01:57 | INFO | [bayesian_train] epoch 53/120 train_task_loss=0.4872 train_kl=145.21 beta=0.34667 train_acc=0.8442 val_loss=0.5682 val_acc=0.8455 time=150.8s
10:01:57 | INFO |     log_alpha: min=-2.36 median=8.00 max=8.00 frac_prunable=0.850
10:04:28 | INFO | [bayesian_train] epoch 54/120 train_task_loss=0.4899 train_kl=141.85 beta=0.35333 train_acc=0.8418 val_loss=0.5829 val_acc=0.8475 time=150.8s
10:04:28 | INFO |     log_alpha: min=-2.32 median=8.00 max=8.00 frac_prunable=0.850
10:06:59 | INFO | [bayesian_train] epoch 55/120 train_task_loss=0.4897 train_kl=138.65 beta=0.36000 train_acc=0.8434 val_loss=0.5914 val_acc=0.8451 time=151.1s
10:06:59 | INFO |     log_alpha: min=-2.29 median=8.00 max=8.00 frac_prunable=0.850
10:09:32 | INFO | [bayesian_train] epoch 56/120 train_task_loss=0.4965 train_kl=135.59 beta=0.36667 train_acc=0.8418 val_loss=0.6065 val_acc=0.8455 time=152.4s
10:09:32 | INFO |     log_alpha: min=-2.24 median=8.00 max=8.00 frac_prunable=0.850
10:12:05 | INFO | [bayesian_train] epoch 57/120 train_task_loss=0.5018 train_kl=132.63 beta=0.37333 train_acc=0.8394 val_loss=0.6060 val_acc=0.8469 time=153.1s
10:12:05 | INFO |     log_alpha: min=-2.22 median=8.00 max=8.00 frac_prunable=0.850
10:14:36 | INFO | [bayesian_train] epoch 58/120 train_task_loss=0.4976 train_kl=129.84 beta=0.38000 train_acc=0.8420 val_loss=0.5743 val_acc=0.8540 time=150.7s
10:14:36 | INFO |     log_alpha: min=-2.18 median=8.00 max=8.00 frac_prunable=0.850
10:17:06 | INFO | [bayesian_train] epoch 59/120 train_task_loss=0.5080 train_kl=127.18 beta=0.38667 train_acc=0.8388 val_loss=0.6466 val_acc=0.8382 time=150.5s
10:17:06 | INFO |     log_alpha: min=-2.14 median=8.00 max=8.00 frac_prunable=0.850
10:19:39 | INFO | [bayesian_train] epoch 60/120 train_task_loss=0.5080 train_kl=124.63 beta=0.39333 train_acc=0.8375 val_loss=0.6236 val_acc=0.8455 time=152.9s
10:19:39 | INFO |     log_alpha: min=-2.11 median=8.00 max=8.00 frac_prunable=0.850
10:22:10 | INFO | [bayesian_train] epoch 61/120 train_task_loss=0.5132 train_kl=122.27 beta=0.40000 train_acc=0.8371 val_loss=0.5708 val_acc=0.8519 time=150.9s
10:22:10 | INFO |     log_alpha: min=-2.07 median=8.00 max=8.00 frac_prunable=0.850
10:24:41 | INFO | [bayesian_train] epoch 62/120 train_task_loss=0.5102 train_kl=119.99 beta=0.40000 train_acc=0.8378 val_loss=0.6339 val_acc=0.8449 time=150.6s
10:24:41 | INFO |     log_alpha: min=-2.03 median=8.00 max=8.00 frac_prunable=0.850
10:27:12 | INFO | [bayesian_train] epoch 63/120 train_task_loss=0.5141 train_kl=117.83 beta=0.40000 train_acc=0.8385 val_loss=0.6560 val_acc=0.8416 time=151.2s
10:27:12 | INFO |     log_alpha: min=-1.99 median=8.00 max=8.00 frac_prunable=0.850
10:29:42 | INFO | [bayesian_train] epoch 64/120 train_task_loss=0.5192 train_kl=115.87 beta=0.40000 train_acc=0.8335 val_loss=0.6371 val_acc=0.8424 time=150.3s
10:29:42 | INFO |     log_alpha: min=-1.96 median=8.00 max=8.00 frac_prunable=0.850
10:32:14 | INFO | [bayesian_train] epoch 65/120 train_task_loss=0.5230 train_kl=114.09 beta=0.40000 train_acc=0.8334 val_loss=0.5956 val_acc=0.8532 time=151.6s
10:32:14 | INFO |     log_alpha: min=-1.92 median=8.00 max=8.00 frac_prunable=0.850
10:34:44 | INFO | [bayesian_train] epoch 66/120 train_task_loss=0.5215 train_kl=112.41 beta=0.40000 train_acc=0.8333 val_loss=0.5923 val_acc=0.8534 time=150.1s
10:34:44 | INFO |     log_alpha: min=-1.89 median=8.00 max=8.00 frac_prunable=0.850
10:37:15 | INFO | [bayesian_train] epoch 67/120 train_task_loss=0.5195 train_kl=110.78 beta=0.40000 train_acc=0.8334 val_loss=0.6102 val_acc=0.8497 time=150.8s
10:37:15 | INFO |     log_alpha: min=-1.85 median=8.00 max=8.00 frac_prunable=0.850
10:39:45 | INFO | [bayesian_train] epoch 68/120 train_task_loss=0.5215 train_kl=109.22 beta=0.40000 train_acc=0.8339 val_loss=0.6503 val_acc=0.8463 time=150.5s
10:39:45 | INFO |     log_alpha: min=-1.82 median=8.00 max=8.00 frac_prunable=0.850
10:42:16 | INFO | [bayesian_train] epoch 69/120 train_task_loss=0.5225 train_kl=107.84 beta=0.40000 train_acc=0.8333 val_loss=0.6167 val_acc=0.8398 time=150.8s
10:42:16 | INFO |     log_alpha: min=-1.79 median=8.00 max=8.00 frac_prunable=0.850
10:44:47 | INFO | [bayesian_train] epoch 70/120 train_task_loss=0.5215 train_kl=106.56 beta=0.40000 train_acc=0.8347 val_loss=0.6509 val_acc=0.8471 time=150.9s
10:44:47 | INFO |     log_alpha: min=-1.77 median=8.00 max=8.00 frac_prunable=0.850
10:47:17 | INFO | [bayesian_train] epoch 71/120 train_task_loss=0.5266 train_kl=105.30 beta=0.40000 train_acc=0.8300 val_loss=0.6028 val_acc=0.8487 time=150.6s
10:47:17 | INFO |     log_alpha: min=-1.74 median=8.00 max=8.00 frac_prunable=0.850
10:49:50 | INFO | [bayesian_train] epoch 72/120 train_task_loss=0.5305 train_kl=104.17 beta=0.40000 train_acc=0.8312 val_loss=0.6197 val_acc=0.8527 time=152.4s
10:49:50 | INFO |     log_alpha: min=-1.72 median=8.00 max=8.00 frac_prunable=0.850
10:52:20 | INFO | [bayesian_train] epoch 73/120 train_task_loss=0.5351 train_kl=103.09 beta=0.40000 train_acc=0.8292 val_loss=0.6305 val_acc=0.8515 time=150.5s
10:52:20 | INFO |     log_alpha: min=-1.69 median=8.00 max=8.00 frac_prunable=0.850
10:54:51 | INFO | [bayesian_train] epoch 74/120 train_task_loss=0.5311 train_kl=102.04 beta=0.40000 train_acc=0.8315 val_loss=0.6345 val_acc=0.8489 time=150.7s
10:54:51 | INFO |     log_alpha: min=-1.67 median=8.00 max=8.00 frac_prunable=0.850
10:57:21 | INFO | [bayesian_train] epoch 75/120 train_task_loss=0.5296 train_kl=101.05 beta=0.40000 train_acc=0.8320 val_loss=0.6565 val_acc=0.8386 time=150.3s
10:57:21 | INFO |     log_alpha: min=-1.66 median=8.00 max=8.00 frac_prunable=0.850
10:59:52 | INFO | [bayesian_train] epoch 76/120 train_task_loss=0.5290 train_kl=100.11 beta=0.40000 train_acc=0.8318 val_loss=0.5968 val_acc=0.8497 time=150.8s
10:59:52 | INFO |     log_alpha: min=-1.63 median=8.00 max=8.00 frac_prunable=0.850
11:02:27 | INFO | [bayesian_train] epoch 77/120 train_task_loss=0.5270 train_kl=99.24 beta=0.40000 train_acc=0.8325 val_loss=0.6543 val_acc=0.8416 time=154.9s
11:02:27 | INFO |     log_alpha: min=-1.61 median=8.00 max=8.00 frac_prunable=0.850
11:04:58 | INFO | [bayesian_train] epoch 78/120 train_task_loss=0.5309 train_kl=98.42 beta=0.40000 train_acc=0.8317 val_loss=0.6382 val_acc=0.8485 time=150.9s
11:04:58 | INFO |     log_alpha: min=-1.59 median=8.00 max=8.00 frac_prunable=0.850
11:07:28 | INFO | [bayesian_train] epoch 79/120 train_task_loss=0.5323 train_kl=97.68 beta=0.40000 train_acc=0.8320 val_loss=0.6193 val_acc=0.8489 time=150.3s
11:07:28 | INFO |     log_alpha: min=-1.57 median=8.00 max=8.00 frac_prunable=0.850
11:09:59 | INFO | [bayesian_train] epoch 80/120 train_task_loss=0.5328 train_kl=96.97 beta=0.40000 train_acc=0.8315 val_loss=0.6444 val_acc=0.8432 time=150.9s
11:09:59 | INFO |     log_alpha: min=-1.55 median=8.00 max=8.00 frac_prunable=0.850
11:12:30 | INFO | [bayesian_train] epoch 81/120 train_task_loss=0.5322 train_kl=96.30 beta=0.40000 train_acc=0.8294 val_loss=0.6290 val_acc=0.8477 time=150.8s
11:12:30 | INFO |     log_alpha: min=-1.54 median=8.00 max=8.00 frac_prunable=0.850
11:15:01 | INFO | [bayesian_train] epoch 82/120 train_task_loss=0.5252 train_kl=95.67 beta=0.40000 train_acc=0.8330 val_loss=0.6251 val_acc=0.8483 time=150.7s
11:15:01 | INFO |     log_alpha: min=-1.52 median=8.00 max=8.00 frac_prunable=0.850
11:17:31 | INFO | [bayesian_train] epoch 83/120 train_task_loss=0.5292 train_kl=95.06 beta=0.40000 train_acc=0.8295 val_loss=0.6383 val_acc=0.8495 time=150.5s
11:17:31 | INFO |     log_alpha: min=-1.50 median=8.00 max=8.00 frac_prunable=0.850
11:20:01 | INFO | [bayesian_train] epoch 84/120 train_task_loss=0.5279 train_kl=94.48 beta=0.40000 train_acc=0.8312 val_loss=0.6350 val_acc=0.8485 time=149.8s
11:20:01 | INFO |     log_alpha: min=-1.48 median=8.00 max=8.00 frac_prunable=0.850
11:22:32 | INFO | [bayesian_train] epoch 85/120 train_task_loss=0.5262 train_kl=93.95 beta=0.40000 train_acc=0.8317 val_loss=0.6227 val_acc=0.8477 time=150.5s
11:22:32 | INFO |     log_alpha: min=-1.47 median=8.00 max=8.00 frac_prunable=0.850
11:25:02 | INFO | [bayesian_train] epoch 86/120 train_task_loss=0.5240 train_kl=93.45 beta=0.40000 train_acc=0.8321 val_loss=0.5959 val_acc=0.8540 time=150.1s
11:25:02 | INFO |     log_alpha: min=-1.45 median=8.00 max=8.00 frac_prunable=0.850
11:27:32 | INFO | [bayesian_train] epoch 87/120 train_task_loss=0.5295 train_kl=92.98 beta=0.40000 train_acc=0.8312 val_loss=0.6509 val_acc=0.8449 time=150.4s
11:27:32 | INFO |     log_alpha: min=-1.44 median=8.00 max=8.00 frac_prunable=0.850
11:30:02 | INFO | [bayesian_train] epoch 88/120 train_task_loss=0.5233 train_kl=92.55 beta=0.40000 train_acc=0.8340 val_loss=0.6353 val_acc=0.8523 time=150.1s
11:30:02 | INFO |     log_alpha: min=-1.43 median=8.00 max=8.00 frac_prunable=0.850
11:32:33 | INFO | [bayesian_train] epoch 89/120 train_task_loss=0.5239 train_kl=92.15 beta=0.40000 train_acc=0.8337 val_loss=0.6202 val_acc=0.8461 time=150.2s
11:32:33 | INFO |     log_alpha: min=-1.42 median=8.00 max=8.00 frac_prunable=0.850
11:35:03 | INFO | [bayesian_train] epoch 90/120 train_task_loss=0.5225 train_kl=91.77 beta=0.40000 train_acc=0.8346 val_loss=0.6259 val_acc=0.8499 time=150.3s
11:35:03 | INFO |     log_alpha: min=-1.41 median=8.00 max=8.00 frac_prunable=0.850
11:37:33 | INFO | [bayesian_train] epoch 91/120 train_task_loss=0.5215 train_kl=91.42 beta=0.40000 train_acc=0.8335 val_loss=0.6321 val_acc=0.8491 time=150.2s
11:37:33 | INFO |     log_alpha: min=-1.40 median=8.00 max=8.00 frac_prunable=0.850
11:40:03 | INFO | [bayesian_train] epoch 92/120 train_task_loss=0.5283 train_kl=91.10 beta=0.40000 train_acc=0.8306 val_loss=0.6208 val_acc=0.8528 time=150.2s
11:40:03 | INFO |     log_alpha: min=-1.39 median=8.00 max=8.00 frac_prunable=0.850
11:42:38 | INFO | [bayesian_train] epoch 93/120 train_task_loss=0.5220 train_kl=90.79 beta=0.40000 train_acc=0.8327 val_loss=0.6213 val_acc=0.8544 time=155.0s
11:42:38 | INFO |     log_alpha: min=-1.38 median=8.00 max=8.00 frac_prunable=0.850
11:45:11 | INFO | [bayesian_train] epoch 94/120 train_task_loss=0.5234 train_kl=90.50 beta=0.40000 train_acc=0.8339 val_loss=0.6441 val_acc=0.8499 time=153.0s
11:45:12 | INFO |     log_alpha: min=-1.38 median=8.00 max=8.00 frac_prunable=0.850
11:47:42 | INFO | [bayesian_train] epoch 95/120 train_task_loss=0.5190 train_kl=90.25 beta=0.40000 train_acc=0.8363 val_loss=0.6162 val_acc=0.8534 time=150.8s
11:47:42 | INFO |     log_alpha: min=-1.37 median=8.00 max=8.00 frac_prunable=0.850
11:50:14 | INFO | [bayesian_train] epoch 96/120 train_task_loss=0.5226 train_kl=90.01 beta=0.40000 train_acc=0.8348 val_loss=0.6184 val_acc=0.8534 time=151.1s
11:50:14 | INFO |     log_alpha: min=-1.36 median=8.00 max=8.00 frac_prunable=0.850
11:52:44 | INFO | [bayesian_train] epoch 97/120 train_task_loss=0.5188 train_kl=89.80 beta=0.40000 train_acc=0.8353 val_loss=0.6250 val_acc=0.8513 time=150.2s
11:52:44 | INFO |     log_alpha: min=-1.35 median=8.00 max=8.00 frac_prunable=0.850
11:55:14 | INFO | [bayesian_train] epoch 98/120 train_task_loss=0.5134 train_kl=89.60 beta=0.40000 train_acc=0.8365 val_loss=0.6256 val_acc=0.8481 time=150.3s
11:55:14 | INFO |     log_alpha: min=-1.35 median=8.00 max=8.00 frac_prunable=0.850
11:57:45 | INFO | [bayesian_train] epoch 99/120 train_task_loss=0.5125 train_kl=89.42 beta=0.40000 train_acc=0.8372 val_loss=0.6255 val_acc=0.8521 time=150.9s
11:57:45 | INFO |     log_alpha: min=-1.34 median=8.00 max=8.00 frac_prunable=0.850
12:00:16 | INFO | [bayesian_train] epoch 100/120 train_task_loss=0.5193 train_kl=89.25 beta=0.40000 train_acc=0.8326 val_loss=0.6284 val_acc=0.8525 time=150.6s
12:00:16 | INFO |     log_alpha: min=-1.33 median=8.00 max=8.00 frac_prunable=0.850
12:02:49 | INFO | [bayesian_train] epoch 101/120 train_task_loss=0.5164 train_kl=89.10 beta=0.40000 train_acc=0.8353 val_loss=0.6137 val_acc=0.8540 time=153.9s
12:02:50 | INFO |     log_alpha: min=-1.33 median=8.00 max=8.00 frac_prunable=0.850
12:05:20 | INFO | [bayesian_train] epoch 102/120 train_task_loss=0.5131 train_kl=88.96 beta=0.40000 train_acc=0.8366 val_loss=0.6119 val_acc=0.8532 time=149.9s
12:05:20 | INFO |     log_alpha: min=-1.33 median=8.00 max=8.00 frac_prunable=0.850
12:07:49 | INFO | [bayesian_train] epoch 103/120 train_task_loss=0.5160 train_kl=88.83 beta=0.40000 train_acc=0.8349 val_loss=0.6102 val_acc=0.8505 time=149.9s
12:07:49 | INFO |     log_alpha: min=-1.32 median=8.00 max=8.00 frac_prunable=0.850
12:10:19 | INFO | [bayesian_train] epoch 104/120 train_task_loss=0.5159 train_kl=88.72 beta=0.40000 train_acc=0.8359 val_loss=0.6130 val_acc=0.8507 time=150.0s
12:10:19 | INFO |     log_alpha: min=-1.32 median=8.00 max=8.00 frac_prunable=0.850
12:12:49 | INFO | [bayesian_train] epoch 105/120 train_task_loss=0.5194 train_kl=88.63 beta=0.40000 train_acc=0.8353 val_loss=0.6153 val_acc=0.8513 time=150.0s
12:12:49 | INFO |     log_alpha: min=-1.32 median=8.00 max=8.00 frac_prunable=0.850
12:15:19 | INFO | [bayesian_train] epoch 106/120 train_task_loss=0.5115 train_kl=88.54 beta=0.40000 train_acc=0.8366 val_loss=0.6188 val_acc=0.8491 time=150.1s
12:15:19 | INFO |     log_alpha: min=-1.32 median=8.00 max=8.00 frac_prunable=0.850
12:17:49 | INFO | [bayesian_train] epoch 107/120 train_task_loss=0.5106 train_kl=88.46 beta=0.40000 train_acc=0.8393 val_loss=0.6155 val_acc=0.8499 time=149.2s
12:17:49 | INFO |     log_alpha: min=-1.31 median=8.00 max=8.00 frac_prunable=0.850
12:20:17 | INFO | [bayesian_train] epoch 108/120 train_task_loss=0.5159 train_kl=88.39 beta=0.40000 train_acc=0.8367 val_loss=0.6109 val_acc=0.8515 time=148.3s
12:20:17 | INFO |     log_alpha: min=-1.31 median=8.00 max=8.00 frac_prunable=0.850
12:22:42 | INFO | [bayesian_train] epoch 109/120 train_task_loss=0.5080 train_kl=88.34 beta=0.40000 train_acc=0.8377 val_loss=0.6159 val_acc=0.8501 time=144.7s
12:22:42 | INFO |     log_alpha: min=-1.31 median=8.00 max=8.00 frac_prunable=0.850
12:25:06 | INFO | [bayesian_train] epoch 110/120 train_task_loss=0.5151 train_kl=88.29 beta=0.40000 train_acc=0.8390 val_loss=0.6154 val_acc=0.8491 time=144.5s
12:25:06 | INFO |     log_alpha: min=-1.31 median=8.00 max=8.00 frac_prunable=0.850
12:27:31 | INFO | [bayesian_train] epoch 111/120 train_task_loss=0.5062 train_kl=88.25 beta=0.40000 train_acc=0.8387 val_loss=0.6181 val_acc=0.8542 time=144.5s
12:27:31 | INFO |     log_alpha: min=-1.31 median=8.00 max=8.00 frac_prunable=0.850
12:29:56 | INFO | [bayesian_train] epoch 112/120 train_task_loss=0.5049 train_kl=88.21 beta=0.40000 train_acc=0.8387 val_loss=0.6179 val_acc=0.8509 time=144.8s
12:29:56 | INFO |     log_alpha: min=-1.31 median=8.00 max=8.00 frac_prunable=0.850
12:32:20 | INFO | [bayesian_train] epoch 113/120 train_task_loss=0.5106 train_kl=88.19 beta=0.40000 train_acc=0.8371 val_loss=0.6083 val_acc=0.8519 time=144.3s
12:32:20 | INFO |     log_alpha: min=-1.31 median=8.00 max=8.00 frac_prunable=0.850
12:34:44 | INFO | [bayesian_train] epoch 114/120 train_task_loss=0.5046 train_kl=88.17 beta=0.40000 train_acc=0.8395 val_loss=0.6106 val_acc=0.8530 time=144.1s
12:34:44 | INFO |     log_alpha: min=-1.30 median=8.00 max=8.00 frac_prunable=0.850
12:37:08 | INFO | [bayesian_train] epoch 115/120 train_task_loss=0.5077 train_kl=88.15 beta=0.40000 train_acc=0.8389 val_loss=0.6131 val_acc=0.8513 time=143.9s
12:37:08 | INFO |     log_alpha: min=-1.30 median=8.00 max=8.00 frac_prunable=0.850
12:39:32 | INFO | [bayesian_train] epoch 116/120 train_task_loss=0.5053 train_kl=88.14 beta=0.40000 train_acc=0.8389 val_loss=0.6154 val_acc=0.8511 time=143.8s
12:39:32 | INFO |     log_alpha: min=-1.30 median=8.00 max=8.00 frac_prunable=0.850
12:42:05 | INFO | [bayesian_train] epoch 117/120 train_task_loss=0.5106 train_kl=88.13 beta=0.40000 train_acc=0.8395 val_loss=0.6131 val_acc=0.8515 time=153.0s
12:42:05 | INFO |     log_alpha: min=-1.30 median=8.00 max=8.00 frac_prunable=0.850
12:44:30 | INFO | [bayesian_train] epoch 118/120 train_task_loss=0.5054 train_kl=88.13 beta=0.40000 train_acc=0.8411 val_loss=0.6198 val_acc=0.8495 time=145.0s
12:44:30 | INFO |     log_alpha: min=-1.30 median=8.00 max=8.00 frac_prunable=0.850
12:46:54 | INFO | [bayesian_train] epoch 119/120 train_task_loss=0.5140 train_kl=88.12 beta=0.40000 train_acc=0.8363 val_loss=0.6138 val_acc=0.8507 time=144.1s
12:46:54 | INFO |     log_alpha: min=-1.30 median=8.00 max=8.00 frac_prunable=0.850
12:49:40 | INFO | [bayesian_train] epoch 120/120 train_task_loss=0.5094 train_kl=88.12 beta=0.40000 train_acc=0.8415 val_loss=0.6186 val_acc=0.8509 time=166.2s
12:49:41 | INFO |     log_alpha: min=-1.30 median=8.00 max=8.00 frac_prunable=0.850

Computing posterior uncertainty...
12:49:41 | INFO |   conv_layers.0: median_log_alpha=0.36 frac_prunable=0.000 structurally_prunable=True
12:49:41 | INFO |   conv_layers.1: median_log_alpha=0.10 frac_prunable=0.500 structurally_prunable=True
12:49:41 | INFO |   conv_layers.2: median_log_alpha=0.65 frac_prunable=0.461 structurally_prunable=True
12:49:41 | INFO |   conv_layers.3: median_log_alpha=8.00 frac_prunable=0.641 structurally_prunable=True
12:49:41 | INFO |   conv_layers.4: median_log_alpha=8.00 frac_prunable=0.801 structurally_prunable=True
12:49:41 | INFO |   conv_layers.5: median_log_alpha=8.00 frac_prunable=0.848 structurally_prunable=True
12:49:41 | INFO |   conv_layers.6: median_log_alpha=8.00 frac_prunable=0.982 structurally_prunable=True
12:49:41 | INFO |   fc1: median_log_alpha=8.00 frac_prunable=0.974 structurally_prunable=True

Structured pruning...
12:49:43 | INFO | Parameters: 8887978 -> 114347 (98.7% pruned)

Fine tuning...
12:51:40 | INFO | [finetune] epoch 1/30 train_task_loss=0.3519 train_kl=0.00 beta=0.00000 train_acc=0.8855 val_loss=0.5217 val_acc=0.8461 time=116.4s
12:53:30 | INFO | [finetune] epoch 2/30 train_task_loss=0.3219 train_kl=0.00 beta=0.00000 train_acc=0.8918 val_loss=0.4885 val_acc=0.8550 time=110.2s
12:55:19 | INFO | [finetune] epoch 3/30 train_task_loss=0.3087 train_kl=0.00 beta=0.00000 train_acc=0.8967 val_loss=0.4905 val_acc=0.8566 time=108.8s
12:57:09 | INFO | [finetune] epoch 4/30 train_task_loss=0.2960 train_kl=0.00 beta=0.00000 train_acc=0.8998 val_loss=0.4786 val_acc=0.8584 time=110.2s
12:58:58 | INFO | [finetune] epoch 5/30 train_task_loss=0.2900 train_kl=0.00 beta=0.00000 train_acc=0.9022 val_loss=0.4802 val_acc=0.8550 time=109.2s
13:00:48 | INFO | [finetune] epoch 6/30 train_task_loss=0.2852 train_kl=0.00 beta=0.00000 train_acc=0.9042 val_loss=0.4846 val_acc=0.8584 time=110.2s
13:02:37 | INFO | [finetune] epoch 7/30 train_task_loss=0.2808 train_kl=0.00 beta=0.00000 train_acc=0.9033 val_loss=0.5006 val_acc=0.8548 time=109.1s
13:04:27 | INFO | [finetune] epoch 8/30 train_task_loss=0.2760 train_kl=0.00 beta=0.00000 train_acc=0.9071 val_loss=0.5042 val_acc=0.8499 time=109.7s
13:06:17 | INFO | [finetune] epoch 9/30 train_task_loss=0.2701 train_kl=0.00 beta=0.00000 train_acc=0.9079 val_loss=0.4852 val_acc=0.8528 time=109.6s
13:08:06 | INFO | [finetune] epoch 10/30 train_task_loss=0.2672 train_kl=0.00 beta=0.00000 train_acc=0.9087 val_loss=0.4857 val_acc=0.8546 time=109.5s
13:09:56 | INFO | [finetune] epoch 11/30 train_task_loss=0.2597 train_kl=0.00 beta=0.00000 train_acc=0.9113 val_loss=0.4679 val_acc=0.8582 time=109.8s
13:11:45 | INFO | [finetune] epoch 12/30 train_task_loss=0.2559 train_kl=0.00 beta=0.00000 train_acc=0.9116 val_loss=0.4977 val_acc=0.8564 time=109.4s
13:13:34 | INFO | [finetune] epoch 13/30 train_task_loss=0.2506 train_kl=0.00 beta=0.00000 train_acc=0.9160 val_loss=0.4659 val_acc=0.8608 time=108.6s
13:15:23 | INFO | [finetune] epoch 14/30 train_task_loss=0.2480 train_kl=0.00 beta=0.00000 train_acc=0.9153 val_loss=0.4905 val_acc=0.8511 time=108.7s
13:17:12 | INFO | [finetune] epoch 15/30 train_task_loss=0.2420 train_kl=0.00 beta=0.00000 train_acc=0.9164 val_loss=0.4896 val_acc=0.8576 time=109.1s
13:19:00 | INFO | [finetune] epoch 16/30 train_task_loss=0.2396 train_kl=0.00 beta=0.00000 train_acc=0.9179 val_loss=0.4777 val_acc=0.8596 time=108.4s
13:20:49 | INFO | [finetune] epoch 17/30 train_task_loss=0.2371 train_kl=0.00 beta=0.00000 train_acc=0.9190 val_loss=0.4834 val_acc=0.8560 time=108.5s
13:22:37 | INFO | [finetune] epoch 18/30 train_task_loss=0.2311 train_kl=0.00 beta=0.00000 train_acc=0.9211 val_loss=0.4692 val_acc=0.8645 time=108.5s
13:24:27 | INFO | [finetune] epoch 19/30 train_task_loss=0.2227 train_kl=0.00 beta=0.00000 train_acc=0.9247 val_loss=0.4789 val_acc=0.8610 time=110.0s
13:26:16 | INFO | [finetune] epoch 20/30 train_task_loss=0.2249 train_kl=0.00 beta=0.00000 train_acc=0.9244 val_loss=0.4771 val_acc=0.8625 time=108.8s
13:28:05 | INFO | [finetune] epoch 21/30 train_task_loss=0.2224 train_kl=0.00 beta=0.00000 train_acc=0.9246 val_loss=0.4785 val_acc=0.8582 time=109.4s
13:29:54 | INFO | [finetune] epoch 22/30 train_task_loss=0.2187 train_kl=0.00 beta=0.00000 train_acc=0.9251 val_loss=0.4745 val_acc=0.8651 time=108.5s
13:31:42 | INFO | [finetune] epoch 23/30 train_task_loss=0.2163 train_kl=0.00 beta=0.00000 train_acc=0.9251 val_loss=0.4774 val_acc=0.8623 time=108.5s
13:33:31 | INFO | [finetune] epoch 24/30 train_task_loss=0.2169 train_kl=0.00 beta=0.00000 train_acc=0.9255 val_loss=0.4736 val_acc=0.8588 time=108.5s
13:35:19 | INFO | [finetune] epoch 25/30 train_task_loss=0.2135 train_kl=0.00 beta=0.00000 train_acc=0.9266 val_loss=0.4762 val_acc=0.8629 time=108.3s
13:37:08 | INFO | [finetune] epoch 26/30 train_task_loss=0.2076 train_kl=0.00 beta=0.00000 train_acc=0.9278 val_loss=0.4829 val_acc=0.8602 time=108.4s
13:38:57 | INFO | [finetune] epoch 27/30 train_task_loss=0.2117 train_kl=0.00 beta=0.00000 train_acc=0.9278 val_loss=0.4880 val_acc=0.8596 time=109.2s
13:40:46 | INFO | [finetune] epoch 28/30 train_task_loss=0.2102 train_kl=0.00 beta=0.00000 train_acc=0.9283 val_loss=0.4788 val_acc=0.8608 time=108.9s
13:42:34 | INFO | [finetune] epoch 29/30 train_task_loss=0.2078 train_kl=0.00 beta=0.00000 train_acc=0.9288 val_loss=0.4756 val_acc=0.8594 time=108.5s
13:44:23 | INFO | [finetune] epoch 30/30 train_task_loss=0.2098 train_kl=0.00 beta=0.00000 train_acc=0.9287 val_loss=0.4812 val_acc=0.8594 time=108.4s

Testing...
13:44:44 | INFO | Final test accuracy after pruning + fine-tuning: 0.8608

Saving checkpoints...

Finished.

============================================================
Running Experiment 3 / 3
RESNET18
============================================================

Building model...
13:44:51 | INFO | Model built with 11177866 parameters (gates excluded from count).
Files already downloaded and verified
Files already downloaded and verified
Files already downloaded and verified

Training...
13:50:08 | INFO | [pretrain] epoch 1/120 train_task_loss=2.3901 train_kl=8259.26 beta=0.00000 train_acc=0.1286 val_loss=2.3026 val_acc=0.0979 time=308.3s
13:54:53 | INFO | [pretrain] epoch 2/120 train_task_loss=2.2424 train_kl=8259.26 beta=0.00000 train_acc=0.1645 val_loss=2.2774 val_acc=0.1092 time=285.8s
13:59:38 | INFO | [pretrain] epoch 3/120 train_task_loss=2.0578 train_kl=8259.26 beta=0.00000 train_acc=0.2578 val_loss=2.0605 val_acc=0.2757 time=284.6s
14:04:25 | INFO | [pretrain] epoch 4/120 train_task_loss=1.5267 train_kl=8259.26 beta=0.00000 train_acc=0.4416 val_loss=1.9096 val_acc=0.3683 time=286.7s
14:09:13 | INFO | [pretrain] epoch 5/120 train_task_loss=1.2721 train_kl=8259.26 beta=0.00000 train_acc=0.5380 val_loss=1.5437 val_acc=0.4745 time=288.0s
14:14:00 | INFO | [pretrain] epoch 6/120 train_task_loss=1.1466 train_kl=8259.26 beta=0.00000 train_acc=0.5877 val_loss=1.5051 val_acc=0.4792 time=287.1s
14:18:46 | INFO | [pretrain] epoch 7/120 train_task_loss=1.0524 train_kl=8259.26 beta=0.00000 train_acc=0.6252 val_loss=1.3882 val_acc=0.5216 time=286.0s
14:23:33 | INFO | [pretrain] epoch 8/120 train_task_loss=0.9669 train_kl=8259.26 beta=0.00000 train_acc=0.6609 val_loss=0.9672 val_acc=0.6671 time=286.8s
14:28:19 | INFO | [pretrain] epoch 9/120 train_task_loss=0.8864 train_kl=8259.26 beta=0.00000 train_acc=0.6944 val_loss=0.9374 val_acc=0.6731 time=285.9s
14:33:12 | INFO | [pretrain] epoch 10/120 train_task_loss=0.8223 train_kl=8259.26 beta=0.00000 train_acc=0.7211 val_loss=1.0608 val_acc=0.5744 time=293.5s
14:37:59 | INFO | [pretrain] epoch 11/120 train_task_loss=0.7598 train_kl=8259.26 beta=0.00000 train_acc=0.7447 val_loss=0.7968 val_acc=0.7326 time=286.7s
14:42:47 | INFO | [pretrain] epoch 12/120 train_task_loss=0.7017 train_kl=8259.26 beta=0.00000 train_acc=0.7660 val_loss=0.8458 val_acc=0.7100 time=287.4s
14:47:34 | INFO | [pretrain] epoch 13/120 train_task_loss=0.6643 train_kl=8259.26 beta=0.00000 train_acc=0.7800 val_loss=0.7451 val_acc=0.7490 time=287.5s
14:52:24 | INFO | [pretrain] epoch 14/120 train_task_loss=0.6283 train_kl=8259.26 beta=0.00000 train_acc=0.7904 val_loss=0.6099 val_acc=0.7765 time=289.6s
14:57:10 | INFO | [pretrain] epoch 15/120 train_task_loss=0.5975 train_kl=8259.26 beta=0.00000 train_acc=0.8027 val_loss=0.7043 val_acc=0.7508 time=286.6s
15:01:59 | INFO | [pretrain] epoch 16/120 train_task_loss=0.5696 train_kl=8259.26 beta=0.00000 train_acc=0.8119 val_loss=0.6527 val_acc=0.7718 time=288.7s
15:06:52 | INFO | [pretrain] epoch 17/120 train_task_loss=0.5461 train_kl=8259.26 beta=0.00000 train_acc=0.8192 val_loss=0.7178 val_acc=0.7593 time=292.9s
15:11:36 | INFO | [pretrain] epoch 18/120 train_task_loss=0.5192 train_kl=8259.26 beta=0.00000 train_acc=0.8296 val_loss=0.6078 val_acc=0.7886 time=284.3s
15:16:21 | INFO | [pretrain] epoch 19/120 train_task_loss=0.5046 train_kl=8259.26 beta=0.00000 train_acc=0.8353 val_loss=0.6775 val_acc=0.7700 time=285.1s
15:21:11 | INFO | [pretrain] epoch 20/120 train_task_loss=0.4973 train_kl=8259.26 beta=0.00000 train_acc=0.8357 val_loss=0.5428 val_acc=0.8200 time=289.0s
15:25:55 | INFO | [pretrain] epoch 21/120 train_task_loss=0.4742 train_kl=8259.26 beta=0.00000 train_acc=0.8456 val_loss=0.5910 val_acc=0.8080 time=284.7s
15:30:39 | INFO | [pretrain] epoch 22/120 train_task_loss=0.4599 train_kl=8259.26 beta=0.00000 train_acc=0.8488 val_loss=0.5953 val_acc=0.8006 time=284.0s
15:35:23 | INFO | [pretrain] epoch 23/120 train_task_loss=0.4460 train_kl=8259.26 beta=0.00000 train_acc=0.8546 val_loss=0.5419 val_acc=0.8228 time=284.1s
15:40:09 | INFO | [pretrain] epoch 24/120 train_task_loss=0.4351 train_kl=8259.26 beta=0.00000 train_acc=0.8608 val_loss=0.5077 val_acc=0.8374 time=285.6s
15:44:54 | INFO | [pretrain] epoch 25/120 train_task_loss=0.4258 train_kl=8259.26 beta=0.00000 train_acc=0.8609 val_loss=0.5088 val_acc=0.8269 time=284.8s
15:49:38 | INFO | [pretrain] epoch 26/120 train_task_loss=0.4109 train_kl=8259.26 beta=0.00000 train_acc=0.8667 val_loss=0.5018 val_acc=0.8348 time=283.9s
15:54:22 | INFO | [pretrain] epoch 27/120 train_task_loss=0.4006 train_kl=8259.26 beta=0.00000 train_acc=0.8690 val_loss=0.5301 val_acc=0.8218 time=284.1s
15:59:06 | INFO | [pretrain] epoch 28/120 train_task_loss=0.3931 train_kl=8259.26 beta=0.00000 train_acc=0.8718 val_loss=0.5715 val_acc=0.8252 time=284.0s
16:03:51 | INFO | [pretrain] epoch 29/120 train_task_loss=0.3754 train_kl=8259.26 beta=0.00000 train_acc=0.8787 val_loss=0.6517 val_acc=0.7894 time=285.1s
16:08:36 | INFO | [pretrain] epoch 30/120 train_task_loss=0.3706 train_kl=8259.26 beta=0.00000 train_acc=0.8803 val_loss=0.5524 val_acc=0.8267 time=284.6s
16:13:43 | INFO | [pretrain] epoch 31/120 train_task_loss=0.3624 train_kl=8259.26 beta=0.00000 train_acc=0.8835 val_loss=0.5965 val_acc=0.8169 time=307.7s
16:18:36 | INFO | [pretrain] epoch 32/120 train_task_loss=0.3516 train_kl=8259.26 beta=0.00000 train_acc=0.8874 val_loss=0.5457 val_acc=0.8224 time=292.9s
16:23:32 | INFO | [pretrain] epoch 33/120 train_task_loss=0.3481 train_kl=8259.26 beta=0.00000 train_acc=0.8899 val_loss=0.5784 val_acc=0.8167 time=295.8s
16:28:28 | INFO | [pretrain] epoch 34/120 train_task_loss=0.3371 train_kl=8259.26 beta=0.00000 train_acc=0.8921 val_loss=0.4786 val_acc=0.8511 time=296.1s
16:33:15 | INFO | [pretrain] epoch 35/120 train_task_loss=0.3284 train_kl=8259.26 beta=0.00000 train_acc=0.8956 val_loss=0.4874 val_acc=0.8479 time=287.1s
16:38:01 | INFO | [pretrain] epoch 36/120 train_task_loss=0.3226 train_kl=8259.26 beta=0.00000 train_acc=0.8968 val_loss=0.5342 val_acc=0.8406 time=285.9s
16:42:55 | INFO | [pretrain] epoch 37/120 train_task_loss=0.3165 train_kl=8259.26 beta=0.00000 train_acc=0.9003 val_loss=0.4967 val_acc=0.8406 time=293.6s
16:47:46 | INFO | [pretrain] epoch 38/120 train_task_loss=0.3133 train_kl=8259.26 beta=0.00000 train_acc=0.8998 val_loss=0.5241 val_acc=0.8319 time=291.1s
16:52:32 | INFO | [pretrain] epoch 39/120 train_task_loss=0.3054 train_kl=8259.26 beta=0.00000 train_acc=0.9028 val_loss=0.4812 val_acc=0.8453 time=286.2s
16:57:19 | INFO | [pretrain] epoch 40/120 train_task_loss=0.2976 train_kl=8259.26 beta=0.00000 train_acc=0.9057 val_loss=0.4869 val_acc=0.8536 time=286.6s
17:02:03 | INFO | [pretrain] epoch 41/120 train_task_loss=0.2940 train_kl=8259.26 beta=0.00000 train_acc=0.9059 val_loss=0.4212 val_acc=0.8643 time=284.2s
17:06:49 | INFO | [pretrain] epoch 42/120 train_task_loss=0.2840 train_kl=8259.26 beta=0.00000 train_acc=0.9101 val_loss=0.4351 val_acc=0.8683 time=285.6s
17:11:34 | INFO | [pretrain] epoch 43/120 train_task_loss=0.2824 train_kl=8259.26 beta=0.00000 train_acc=0.9107 val_loss=0.5512 val_acc=0.8378 time=285.4s
17:16:25 | INFO | [pretrain] epoch 44/120 train_task_loss=0.2710 train_kl=8259.26 beta=0.00000 train_acc=0.9150 val_loss=0.3966 val_acc=0.8736 time=291.0s
17:21:15 | INFO | [pretrain] epoch 45/120 train_task_loss=0.2639 train_kl=8259.26 beta=0.00000 train_acc=0.9172 val_loss=0.4683 val_acc=0.8503 time=289.6s
17:26:02 | INFO | [pretrain] epoch 46/120 train_task_loss=0.2627 train_kl=8259.26 beta=0.00000 train_acc=0.9176 val_loss=0.5116 val_acc=0.8424 time=286.9s
17:30:48 | INFO | [pretrain] epoch 47/120 train_task_loss=0.2566 train_kl=8259.26 beta=0.00000 train_acc=0.9197 val_loss=0.4686 val_acc=0.8574 time=286.4s
17:35:40 | INFO | [pretrain] epoch 48/120 train_task_loss=0.2507 train_kl=8259.26 beta=0.00000 train_acc=0.9205 val_loss=0.4565 val_acc=0.8586 time=291.5s
17:40:27 | INFO | [pretrain] epoch 49/120 train_task_loss=0.2403 train_kl=8259.26 beta=0.00000 train_acc=0.9258 val_loss=0.4570 val_acc=0.8617 time=287.5s
17:45:13 | INFO | [pretrain] epoch 50/120 train_task_loss=0.2403 train_kl=8259.26 beta=0.00000 train_acc=0.9243 val_loss=0.4843 val_acc=0.8608 time=285.9s
17:49:59 | INFO | [pretrain] epoch 51/120 train_task_loss=0.2350 train_kl=8259.26 beta=0.00000 train_acc=0.9262 val_loss=0.4535 val_acc=0.8623 time=285.2s
17:54:45 | INFO | [pretrain] epoch 52/120 train_task_loss=0.2253 train_kl=8259.26 beta=0.00000 train_acc=0.9298 val_loss=0.3853 val_acc=0.8807 time=286.0s
17:59:30 | INFO | [pretrain] epoch 53/120 train_task_loss=0.2197 train_kl=8259.26 beta=0.00000 train_acc=0.9320 val_loss=0.4605 val_acc=0.8631 time=285.8s
18:04:16 | INFO | [pretrain] epoch 54/120 train_task_loss=0.2168 train_kl=8259.26 beta=0.00000 train_acc=0.9333 val_loss=0.4058 val_acc=0.8809 time=286.1s
18:09:02 | INFO | [pretrain] epoch 55/120 train_task_loss=0.2123 train_kl=8259.26 beta=0.00000 train_acc=0.9340 val_loss=0.4964 val_acc=0.8633 time=285.2s
18:13:50 | INFO | [pretrain] epoch 56/120 train_task_loss=0.2033 train_kl=8259.26 beta=0.00000 train_acc=0.9371 val_loss=0.4464 val_acc=0.8671 time=288.1s
18:18:36 | INFO | [pretrain] epoch 57/120 train_task_loss=0.1955 train_kl=8259.26 beta=0.00000 train_acc=0.9390 val_loss=0.4635 val_acc=0.8738 time=286.5s
18:23:34 | INFO | [pretrain] epoch 58/120 train_task_loss=0.1943 train_kl=8259.26 beta=0.00000 train_acc=0.9399 val_loss=0.4610 val_acc=0.8617 time=297.4s
18:28:21 | INFO | [pretrain] epoch 59/120 train_task_loss=0.1866 train_kl=8259.26 beta=0.00000 train_acc=0.9423 val_loss=0.4488 val_acc=0.8726 time=287.6s
18:33:20 | INFO | [pretrain] epoch 60/120 train_task_loss=0.1837 train_kl=8259.26 beta=0.00000 train_acc=0.9445 val_loss=0.4869 val_acc=0.8627 time=298.4s
18:38:09 | INFO | [pretrain] epoch 61/120 train_task_loss=0.1789 train_kl=8259.26 beta=0.00000 train_acc=0.9457 val_loss=0.4702 val_acc=0.8631 time=289.2s
18:42:55 | INFO | [pretrain] epoch 62/120 train_task_loss=0.1710 train_kl=8259.26 beta=0.00000 train_acc=0.9476 val_loss=0.5065 val_acc=0.8608 time=286.2s
18:47:41 | INFO | [pretrain] epoch 63/120 train_task_loss=0.1677 train_kl=8259.26 beta=0.00000 train_acc=0.9483 val_loss=0.4444 val_acc=0.8730 time=286.0s
18:52:27 | INFO | [pretrain] epoch 64/120 train_task_loss=0.1640 train_kl=8259.26 beta=0.00000 train_acc=0.9497 val_loss=0.4660 val_acc=0.8669 time=286.1s
18:57:13 | INFO | [pretrain] epoch 65/120 train_task_loss=0.1623 train_kl=8259.26 beta=0.00000 train_acc=0.9511 val_loss=0.5165 val_acc=0.8588 time=285.9s
19:01:59 | INFO | [pretrain] epoch 66/120 train_task_loss=0.1535 train_kl=8259.26 beta=0.00000 train_acc=0.9539 val_loss=0.4608 val_acc=0.8706 time=286.1s
19:06:46 | INFO | [pretrain] epoch 67/120 train_task_loss=0.1519 train_kl=8259.26 beta=0.00000 train_acc=0.9543 val_loss=0.3970 val_acc=0.8908 time=286.5s
19:11:36 | INFO | [pretrain] epoch 68/120 train_task_loss=0.1467 train_kl=8259.26 beta=0.00000 train_acc=0.9558 val_loss=0.4854 val_acc=0.8720 time=290.3s
19:16:24 | INFO | [pretrain] epoch 69/120 train_task_loss=0.1384 train_kl=8259.26 beta=0.00000 train_acc=0.9593 val_loss=0.4150 val_acc=0.8817 time=287.8s
19:21:13 | INFO | [pretrain] epoch 70/120 train_task_loss=0.1343 train_kl=8259.26 beta=0.00000 train_acc=0.9603 val_loss=0.7997 val_acc=0.8083 time=288.7s
19:26:10 | INFO | [pretrain] epoch 71/120 train_task_loss=0.1317 train_kl=8259.26 beta=0.00000 train_acc=0.9608 val_loss=0.5080 val_acc=0.8576 time=297.3s
19:30:58 | INFO | [pretrain] epoch 72/120 train_task_loss=0.1239 train_kl=8259.26 beta=0.00000 train_acc=0.9630 val_loss=0.6704 val_acc=0.8364 time=287.9s
19:35:45 | INFO | [pretrain] epoch 73/120 train_task_loss=0.1175 train_kl=8259.26 beta=0.00000 train_acc=0.9654 val_loss=0.4568 val_acc=0.8778 time=287.4s
19:40:35 | INFO | [pretrain] epoch 74/120 train_task_loss=0.1182 train_kl=8259.26 beta=0.00000 train_acc=0.9649 val_loss=0.5150 val_acc=0.8657 time=289.2s
19:45:58 | INFO | [pretrain] epoch 75/120 train_task_loss=0.1145 train_kl=8259.26 beta=0.00000 train_acc=0.9656 val_loss=0.4183 val_acc=0.8877 time=323.3s
19:50:49 | INFO | [pretrain] epoch 76/120 train_task_loss=0.1100 train_kl=8259.26 beta=0.00000 train_acc=0.9680 val_loss=0.5832 val_acc=0.8667 time=290.7s
19:55:36 | INFO | [pretrain] epoch 77/120 train_task_loss=0.1035 train_kl=8259.26 beta=0.00000 train_acc=0.9697 val_loss=0.6637 val_acc=0.8428 time=287.2s
20:00:24 | INFO | [pretrain] epoch 78/120 train_task_loss=0.0995 train_kl=8259.26 beta=0.00000 train_acc=0.9707 val_loss=0.4418 val_acc=0.8898 time=288.4s
20:05:11 | INFO | [pretrain] epoch 79/120 train_task_loss=0.0929 train_kl=8259.26 beta=0.00000 train_acc=0.9728 val_loss=0.5307 val_acc=0.8681 time=287.2s
20:09:59 | INFO | [pretrain] epoch 80/120 train_task_loss=0.0864 train_kl=8259.26 beta=0.00000 train_acc=0.9750 val_loss=0.4940 val_acc=0.8833 time=287.5s
20:14:49 | INFO | [pretrain] epoch 81/120 train_task_loss=0.0874 train_kl=8259.26 beta=0.00000 train_acc=0.9745 val_loss=0.4466 val_acc=0.8829 time=289.8s
20:19:41 | INFO | [pretrain] epoch 82/120 train_task_loss=0.0850 train_kl=8259.26 beta=0.00000 train_acc=0.9747 val_loss=0.5580 val_acc=0.8645 time=292.6s
20:24:35 | INFO | [pretrain] epoch 83/120 train_task_loss=0.0807 train_kl=8259.26 beta=0.00000 train_acc=0.9770 val_loss=0.4611 val_acc=0.8805 time=293.3s
20:29:27 | INFO | [pretrain] epoch 84/120 train_task_loss=0.0745 train_kl=8259.26 beta=0.00000 train_acc=0.9790 val_loss=0.5724 val_acc=0.8675 time=292.4s
20:34:16 | INFO | [pretrain] epoch 85/120 train_task_loss=0.0705 train_kl=8259.26 beta=0.00000 train_acc=0.9797 val_loss=0.7241 val_acc=0.8226 time=288.9s
20:39:05 | INFO | [pretrain] epoch 86/120 train_task_loss=0.0670 train_kl=8259.26 beta=0.00000 train_acc=0.9807 val_loss=0.6243 val_acc=0.8594 time=288.5s
20:43:57 | INFO | [pretrain] epoch 87/120 train_task_loss=0.0637 train_kl=8259.26 beta=0.00000 train_acc=0.9820 val_loss=0.5522 val_acc=0.8748 time=292.9s
20:48:46 | INFO | [pretrain] epoch 88/120 train_task_loss=0.0615 train_kl=8259.26 beta=0.00000 train_acc=0.9826 val_loss=0.5431 val_acc=0.8712 time=288.5s
20:53:42 | INFO | [pretrain] epoch 89/120 train_task_loss=0.0576 train_kl=8259.26 beta=0.00000 train_acc=0.9831 val_loss=0.8313 val_acc=0.8232 time=295.6s
20:58:30 | INFO | [pretrain] epoch 90/120 train_task_loss=0.0563 train_kl=8259.26 beta=0.00000 train_acc=0.9841 val_loss=0.4884 val_acc=0.8843 time=288.4s
21:03:18 | INFO | [pretrain] epoch 91/120 train_task_loss=0.0546 train_kl=8259.26 beta=0.00000 train_acc=0.9848 val_loss=0.4958 val_acc=0.8902 time=287.6s
21:08:03 | INFO | [pretrain] epoch 92/120 train_task_loss=0.0506 train_kl=8259.26 beta=0.00000 train_acc=0.9858 val_loss=0.6237 val_acc=0.8580 time=285.4s
21:12:49 | INFO | [pretrain] epoch 93/120 train_task_loss=0.0473 train_kl=8259.26 beta=0.00000 train_acc=0.9869 val_loss=0.6265 val_acc=0.8612 time=286.4s
21:17:37 | INFO | [pretrain] epoch 94/120 train_task_loss=0.0452 train_kl=8259.26 beta=0.00000 train_acc=0.9875 val_loss=0.6032 val_acc=0.8685 time=287.5s
21:22:24 | INFO | [pretrain] epoch 95/120 train_task_loss=0.0407 train_kl=8259.26 beta=0.00000 train_acc=0.9890 val_loss=0.4889 val_acc=0.8908 time=286.8s
21:27:11 | INFO | [pretrain] epoch 96/120 train_task_loss=0.0384 train_kl=8259.26 beta=0.00000 train_acc=0.9889 val_loss=0.5605 val_acc=0.8716 time=287.0s
21:31:58 | INFO | [pretrain] epoch 97/120 train_task_loss=0.0385 train_kl=8259.26 beta=0.00000 train_acc=0.9897 val_loss=0.6301 val_acc=0.8673 time=286.9s
21:36:44 | INFO | [pretrain] epoch 98/120 train_task_loss=0.0339 train_kl=8259.26 beta=0.00000 train_acc=0.9904 val_loss=0.4690 val_acc=0.8920 time=286.1s
21:41:31 | INFO | [pretrain] epoch 99/120 train_task_loss=0.0305 train_kl=8259.26 beta=0.00000 train_acc=0.9917 val_loss=0.5986 val_acc=0.8728 time=286.8s
21:46:16 | INFO | [pretrain] epoch 100/120 train_task_loss=0.0296 train_kl=8259.26 beta=0.00000 train_acc=0.9921 val_loss=0.6048 val_acc=0.8669 time=285.1s
21:51:14 | INFO | [pretrain] epoch 101/120 train_task_loss=0.0286 train_kl=8259.26 beta=0.00000 train_acc=0.9924 val_loss=0.6982 val_acc=0.8521 time=297.9s
21:56:01 | INFO | [pretrain] epoch 102/120 train_task_loss=0.0269 train_kl=8259.26 beta=0.00000 train_acc=0.9925 val_loss=0.6488 val_acc=0.8657 time=286.8s
22:00:51 | INFO | [pretrain] epoch 103/120 train_task_loss=0.0256 train_kl=8259.26 beta=0.00000 train_acc=0.9925 val_loss=0.5167 val_acc=0.8920 time=290.7s
22:05:39 | INFO | [pretrain] epoch 104/120 train_task_loss=0.0234 train_kl=8259.26 beta=0.00000 train_acc=0.9937 val_loss=0.6987 val_acc=0.8594 time=287.4s
22:10:26 | INFO | [pretrain] epoch 105/120 train_task_loss=0.0230 train_kl=8259.26 beta=0.00000 train_acc=0.9934 val_loss=0.5170 val_acc=0.8902 time=287.3s
22:15:13 | INFO | [pretrain] epoch 106/120 train_task_loss=0.0222 train_kl=8259.26 beta=0.00000 train_acc=0.9935 val_loss=0.6590 val_acc=0.8742 time=287.4s
22:20:02 | INFO | [pretrain] epoch 107/120 train_task_loss=0.0225 train_kl=8259.26 beta=0.00000 train_acc=0.9938 val_loss=0.6118 val_acc=0.8762 time=288.4s
22:24:50 | INFO | [pretrain] epoch 108/120 train_task_loss=0.0222 train_kl=8259.26 beta=0.00000 train_acc=0.9938 val_loss=0.5758 val_acc=0.8892 time=288.0s
22:29:38 | INFO | [pretrain] epoch 109/120 train_task_loss=0.0197 train_kl=8259.26 beta=0.00000 train_acc=0.9944 val_loss=0.6965 val_acc=0.8744 time=288.3s
22:34:26 | INFO | [pretrain] epoch 110/120 train_task_loss=0.0186 train_kl=8259.26 beta=0.00000 train_acc=0.9951 val_loss=0.6896 val_acc=0.8649 time=288.3s
22:39:14 | INFO | [pretrain] epoch 111/120 train_task_loss=0.0183 train_kl=8259.26 beta=0.00000 train_acc=0.9946 val_loss=0.5800 val_acc=0.8823 time=287.3s
22:44:02 | INFO | [pretrain] epoch 112/120 train_task_loss=0.0169 train_kl=8259.26 beta=0.00000 train_acc=0.9951 val_loss=0.5835 val_acc=0.8884 time=288.3s
22:48:49 | INFO | [pretrain] epoch 113/120 train_task_loss=0.0164 train_kl=8259.26 beta=0.00000 train_acc=0.9956 val_loss=0.5693 val_acc=0.8833 time=286.9s
22:53:36 | INFO | [pretrain] epoch 114/120 train_task_loss=0.0167 train_kl=8259.26 beta=0.00000 train_acc=0.9958 val_loss=0.6052 val_acc=0.8827 time=287.6s
22:58:37 | INFO | [pretrain] epoch 115/120 train_task_loss=0.0164 train_kl=8259.26 beta=0.00000 train_acc=0.9956 val_loss=0.5661 val_acc=0.8867 time=300.1s
23:03:26 | INFO | [pretrain] epoch 116/120 train_task_loss=0.0160 train_kl=8259.26 beta=0.00000 train_acc=0.9955 val_loss=0.5277 val_acc=0.8975 time=289.3s
23:08:14 | INFO | [pretrain] epoch 117/120 train_task_loss=0.0161 train_kl=8259.26 beta=0.00000 train_acc=0.9960 val_loss=0.6516 val_acc=0.8766 time=288.4s
23:13:05 | INFO | [pretrain] epoch 118/120 train_task_loss=0.0166 train_kl=8259.26 beta=0.00000 train_acc=0.9953 val_loss=0.6472 val_acc=0.8752 time=291.2s
23:17:54 | INFO | [pretrain] epoch 119/120 train_task_loss=0.0152 train_kl=8259.26 beta=0.00000 train_acc=0.9960 val_loss=0.5907 val_acc=0.8886 time=288.9s
23:22:42 | INFO | [pretrain] epoch 120/120 train_task_loss=0.0153 train_kl=8259.26 beta=0.00000 train_acc=0.9961 val_loss=0.6159 val_acc=0.8821 time=287.6s

Validation...
23:22:57 | INFO | Post-pretrain validation accuracy: 0.8975
23:23:46 | INFO | Test accuracy before Bayesian conversion: 0.8926

Converting to Bayesian...
23:23:46 | INFO | Bayesian gates activated on every structurally-prunable layer.

Training Bayesian gates...
23:29:37 | INFO | [bayesian_train] epoch 1/120 train_task_loss=0.2662 train_kl=8260.92 beta=0.00000 train_acc=0.9156 val_loss=0.6695 val_acc=0.8200 time=351.2s
23:29:38 | INFO |     log_alpha: min=-3.14 median=-3.00 max=-2.95 frac_prunable=0.000
23:35:27 | INFO | [bayesian_train] epoch 2/120 train_task_loss=0.2858 train_kl=7835.04 beta=0.00333 train_acc=0.9113 val_loss=0.7161 val_acc=0.8042 time=348.9s
23:35:27 | INFO |     log_alpha: min=-3.12 median=-2.52 max=-2.52 frac_prunable=0.000
23:41:17 | INFO | [bayesian_train] epoch 3/120 train_task_loss=0.2869 train_kl=7050.29 beta=0.00667 train_acc=0.9104 val_loss=0.4992 val_acc=0.8538 time=350.3s
23:41:17 | INFO |     log_alpha: min=-3.10 median=-2.02 max=-2.02 frac_prunable=0.000
23:47:07 | INFO | [bayesian_train] epoch 4/120 train_task_loss=0.2907 train_kl=6195.63 beta=0.01000 train_acc=0.9100 val_loss=0.5015 val_acc=0.8528 time=350.3s
23:47:07 | INFO |     log_alpha: min=-3.11 median=-1.55 max=-1.55 frac_prunable=0.000
23:52:57 | INFO | [bayesian_train] epoch 5/120 train_task_loss=0.2828 train_kl=5367.85 beta=0.01333 train_acc=0.9119 val_loss=0.4172 val_acc=0.8661 time=349.7s
23:52:57 | INFO |     log_alpha: min=-3.12 median=-1.11 max=-1.11 frac_prunable=0.000
23:58:45 | INFO | [bayesian_train] epoch 6/120 train_task_loss=0.2819 train_kl=4627.79 beta=0.01667 train_acc=0.9110 val_loss=0.5231 val_acc=0.8434 time=348.1s
23:58:45 | INFO |     log_alpha: min=-3.14 median=-0.71 max=-0.71 frac_prunable=0.000
00:04:37 | INFO | [bayesian_train] epoch 7/120 train_task_loss=0.2845 train_kl=4036.25 beta=0.02000 train_acc=0.9113 val_loss=0.4572 val_acc=0.8677 time=351.6s
00:04:37 | INFO |     log_alpha: min=-3.15 median=-0.34 max=-0.34 frac_prunable=0.000
00:10:28 | INFO | [bayesian_train] epoch 8/120 train_task_loss=0.2818 train_kl=3576.85 beta=0.02333 train_acc=0.9124 val_loss=0.4372 val_acc=0.8691 time=351.3s
00:10:28 | INFO |     log_alpha: min=-3.17 median=-0.00 max=-0.00 frac_prunable=0.000
00:16:20 | INFO | [bayesian_train] epoch 9/120 train_task_loss=0.2755 train_kl=3228.51 beta=0.02667 train_acc=0.9140 val_loss=0.5293 val_acc=0.8372 time=352.3s
00:16:20 | INFO |     log_alpha: min=-3.20 median=0.31 max=0.31 frac_prunable=0.000
00:22:13 | INFO | [bayesian_train] epoch 10/120 train_task_loss=0.2787 train_kl=2964.37 beta=0.03000 train_acc=0.9139 val_loss=0.5511 val_acc=0.8499 time=352.2s
00:22:13 | INFO |     log_alpha: min=-3.23 median=0.61 max=0.61 frac_prunable=0.000
00:28:09 | INFO | [bayesian_train] epoch 11/120 train_task_loss=0.2750 train_kl=2760.92 beta=0.03333 train_acc=0.9139 val_loss=0.7080 val_acc=0.8078 time=356.5s
00:28:09 | INFO |     log_alpha: min=-3.23 median=0.89 max=0.89 frac_prunable=0.000
00:34:06 | INFO | [bayesian_train] epoch 12/120 train_task_loss=0.2704 train_kl=2601.26 beta=0.03667 train_acc=0.9163 val_loss=0.4629 val_acc=0.8679 time=357.3s
00:34:06 | INFO |     log_alpha: min=-3.27 median=1.17 max=1.17 frac_prunable=0.000
00:40:04 | INFO | [bayesian_train] epoch 13/120 train_task_loss=0.2682 train_kl=2475.86 beta=0.04000 train_acc=0.9160 val_loss=0.5845 val_acc=0.8445 time=357.8s
00:40:04 | INFO |     log_alpha: min=-3.27 median=1.44 max=1.44 frac_prunable=0.000
00:46:01 | INFO | [bayesian_train] epoch 14/120 train_task_loss=0.2681 train_kl=2378.49 beta=0.04333 train_acc=0.9167 val_loss=0.4585 val_acc=0.8669 time=356.5s
00:46:01 | INFO |     log_alpha: min=-3.29 median=1.70 max=1.70 frac_prunable=0.000
00:51:58 | INFO | [bayesian_train] epoch 15/120 train_task_loss=0.2579 train_kl=2301.27 beta=0.04667 train_acc=0.9190 val_loss=0.5132 val_acc=0.8584 time=357.3s
00:51:58 | INFO |     log_alpha: min=-3.30 median=1.95 max=1.95 frac_prunable=0.000
00:57:50 | INFO | [bayesian_train] epoch 16/120 train_task_loss=0.2575 train_kl=2238.12 beta=0.05000 train_acc=0.9202 val_loss=0.4215 val_acc=0.8724 time=352.2s
00:57:50 | INFO |     log_alpha: min=-3.32 median=2.19 max=2.19 frac_prunable=0.000
01:03:45 | INFO | [bayesian_train] epoch 17/120 train_task_loss=0.2553 train_kl=2187.07 beta=0.05333 train_acc=0.9209 val_loss=0.5594 val_acc=0.8511 time=354.8s
01:03:45 | INFO |     log_alpha: min=-3.34 median=2.43 max=2.43 frac_prunable=0.000
01:09:37 | INFO | [bayesian_train] epoch 18/120 train_task_loss=0.2506 train_kl=2143.76 beta=0.05667 train_acc=0.9221 val_loss=0.5089 val_acc=0.8629 time=352.1s
01:09:37 | INFO |     log_alpha: min=-3.36 median=2.67 max=2.67 frac_prunable=0.000
01:15:33 | INFO | [bayesian_train] epoch 19/120 train_task_loss=0.2564 train_kl=2107.00 beta=0.06000 train_acc=0.9194 val_loss=0.4396 val_acc=0.8732 time=355.9s
01:15:33 | INFO |     log_alpha: min=-3.37 median=2.89 max=2.89 frac_prunable=0.000
01:21:29 | INFO | [bayesian_train] epoch 20/120 train_task_loss=0.2441 train_kl=2075.10 beta=0.06333 train_acc=0.9244 val_loss=0.5763 val_acc=0.8418 time=355.9s
01:21:29 | INFO |     log_alpha: min=-3.38 median=3.12 max=3.12 frac_prunable=0.732
01:27:28 | INFO | [bayesian_train] epoch 21/120 train_task_loss=0.2374 train_kl=2047.11 beta=0.06667 train_acc=0.9259 val_loss=0.4524 val_acc=0.8683 time=358.1s
01:27:28 | INFO |     log_alpha: min=-3.41 median=3.34 max=3.34 frac_prunable=0.733
01:33:25 | INFO | [bayesian_train] epoch 22/120 train_task_loss=0.2377 train_kl=2022.11 beta=0.07000 train_acc=0.9253 val_loss=0.4977 val_acc=0.8645 time=357.0s
01:33:25 | INFO |     log_alpha: min=-3.42 median=3.55 max=3.55 frac_prunable=0.734
01:39:21 | INFO | [bayesian_train] epoch 23/120 train_task_loss=0.2337 train_kl=1999.33 beta=0.07333 train_acc=0.9266 val_loss=0.5318 val_acc=0.8528 time=356.0s
01:39:21 | INFO |     log_alpha: min=-3.41 median=3.76 max=3.76 frac_prunable=0.734
01:45:18 | INFO | [bayesian_train] epoch 24/120 train_task_loss=0.2345 train_kl=1978.04 beta=0.07667 train_acc=0.9280 val_loss=0.5586 val_acc=0.8519 time=357.3s
01:45:18 | INFO |     log_alpha: min=-3.42 median=3.97 max=3.97 frac_prunable=0.735
01:51:15 | INFO | [bayesian_train] epoch 25/120 train_task_loss=0.2333 train_kl=1958.74 beta=0.08000 train_acc=0.9281 val_loss=0.5987 val_acc=0.8447 time=357.4s
01:51:15 | INFO |     log_alpha: min=-3.42 median=4.17 max=4.17 frac_prunable=0.735
01:57:09 | INFO | [bayesian_train] epoch 26/120 train_task_loss=0.2267 train_kl=1940.94 beta=0.08333 train_acc=0.9313 val_loss=0.5310 val_acc=0.8558 time=353.6s
01:57:09 | INFO |     log_alpha: min=-3.43 median=4.36 max=4.36 frac_prunable=0.736
02:03:06 | INFO | [bayesian_train] epoch 27/120 train_task_loss=0.2212 train_kl=1924.32 beta=0.08667 train_acc=0.9315 val_loss=0.5372 val_acc=0.8556 time=356.6s
02:03:06 | INFO |     log_alpha: min=-3.44 median=4.56 max=4.56 frac_prunable=0.736
02:09:00 | INFO | [bayesian_train] epoch 28/120 train_task_loss=0.2295 train_kl=1908.81 beta=0.09000 train_acc=0.9291 val_loss=0.5760 val_acc=0.8473 time=354.5s
02:09:00 | INFO |     log_alpha: min=-3.45 median=4.74 max=4.74 frac_prunable=0.737
02:14:58 | INFO | [bayesian_train] epoch 29/120 train_task_loss=0.2192 train_kl=1894.00 beta=0.09333 train_acc=0.9319 val_loss=0.4629 val_acc=0.8671 time=357.8s
02:14:58 | INFO |     log_alpha: min=-3.46 median=4.92 max=4.92 frac_prunable=0.737
02:20:54 | INFO | [bayesian_train] epoch 30/120 train_task_loss=0.2179 train_kl=1879.80 beta=0.09667 train_acc=0.9330 val_loss=0.5233 val_acc=0.8629 time=356.0s
02:20:54 | INFO |     log_alpha: min=-3.48 median=5.10 max=5.10 frac_prunable=0.737
02:26:50 | INFO | [bayesian_train] epoch 31/120 train_task_loss=0.2138 train_kl=1865.73 beta=0.10000 train_acc=0.9342 val_loss=0.4804 val_acc=0.8677 time=355.8s
02:26:50 | INFO |     log_alpha: min=-3.50 median=5.27 max=5.27 frac_prunable=0.739
02:32:45 | INFO | [bayesian_train] epoch 32/120 train_task_loss=0.2073 train_kl=1852.18 beta=0.10333 train_acc=0.9358 val_loss=0.5050 val_acc=0.8604 time=355.4s
02:32:45 | INFO |     log_alpha: min=-3.51 median=5.43 max=5.43 frac_prunable=0.739
02:38:40 | INFO | [bayesian_train] epoch 33/120 train_task_loss=0.2117 train_kl=1839.67 beta=0.10667 train_acc=0.9328 val_loss=0.5609 val_acc=0.8507 time=354.4s
02:38:40 | INFO |     log_alpha: min=-3.51 median=5.58 max=5.58 frac_prunable=0.741
02:44:36 | INFO | [bayesian_train] epoch 34/120 train_task_loss=0.2126 train_kl=1827.01 beta=0.11000 train_acc=0.9327 val_loss=0.5086 val_acc=0.8614 time=356.0s
02:44:36 | INFO |     log_alpha: min=-3.52 median=5.74 max=5.74 frac_prunable=0.741
02:50:31 | INFO | [bayesian_train] epoch 35/120 train_task_loss=0.2019 train_kl=1814.76 beta=0.11333 train_acc=0.9369 val_loss=0.4610 val_acc=0.8730 time=355.2s
02:50:31 | INFO |     log_alpha: min=-3.52 median=5.88 max=5.88 frac_prunable=0.742
02:56:25 | INFO | [bayesian_train] epoch 36/120 train_task_loss=0.2027 train_kl=1802.57 beta=0.11667 train_acc=0.9368 val_loss=0.4329 val_acc=0.8780 time=354.4s
02:56:25 | INFO |     log_alpha: min=-3.53 median=6.02 max=6.02 frac_prunable=0.742
03:02:20 | INFO | [bayesian_train] epoch 37/120 train_task_loss=0.1913 train_kl=1790.60 beta=0.12000 train_acc=0.9403 val_loss=0.4570 val_acc=0.8770 time=354.3s
03:02:20 | INFO |     log_alpha: min=-3.52 median=6.16 max=6.16 frac_prunable=0.743
03:08:16 | INFO | [bayesian_train] epoch 38/120 train_task_loss=0.1914 train_kl=1778.95 beta=0.12333 train_acc=0.9397 val_loss=0.4924 val_acc=0.8677 time=356.5s
03:08:16 | INFO |     log_alpha: min=-3.53 median=6.28 max=6.28 frac_prunable=0.743
03:14:12 | INFO | [bayesian_train] epoch 39/120 train_task_loss=0.1899 train_kl=1767.60 beta=0.12667 train_acc=0.9406 val_loss=0.5381 val_acc=0.8643 time=355.9s
03:14:12 | INFO |     log_alpha: min=-3.55 median=6.41 max=6.41 frac_prunable=0.744
03:20:06 | INFO | [bayesian_train] epoch 40/120 train_task_loss=0.1831 train_kl=1756.51 beta=0.13000 train_acc=0.9425 val_loss=0.4537 val_acc=0.8758 time=354.0s
03:20:06 | INFO |     log_alpha: min=-3.56 median=6.52 max=6.52 frac_prunable=0.746
03:26:01 | INFO | [bayesian_train] epoch 41/120 train_task_loss=0.1831 train_kl=1745.33 beta=0.13333 train_acc=0.9424 val_loss=0.4828 val_acc=0.8677 time=354.4s
03:26:01 | INFO |     log_alpha: min=-3.56 median=6.64 max=6.64 frac_prunable=0.746
03:31:59 | INFO | [bayesian_train] epoch 42/120 train_task_loss=0.1786 train_kl=1734.54 beta=0.13667 train_acc=0.9446 val_loss=0.4881 val_acc=0.8667 time=358.8s
03:32:00 | INFO |     log_alpha: min=-3.56 median=6.74 max=6.74 frac_prunable=0.748
03:37:52 | INFO | [bayesian_train] epoch 43/120 train_task_loss=0.1734 train_kl=1723.50 beta=0.14000 train_acc=0.9462 val_loss=0.4848 val_acc=0.8748 time=352.3s
03:37:52 | INFO |     log_alpha: min=-3.56 median=6.85 max=6.85 frac_prunable=0.749
03:43:48 | INFO | [bayesian_train] epoch 44/120 train_task_loss=0.1739 train_kl=1712.86 beta=0.14333 train_acc=0.9460 val_loss=0.5428 val_acc=0.8635 time=355.2s
03:43:48 | INFO |     log_alpha: min=-3.56 median=6.95 max=6.95 frac_prunable=0.751
03:49:40 | INFO | [bayesian_train] epoch 45/120 train_task_loss=0.1713 train_kl=1702.62 beta=0.14667 train_acc=0.9471 val_loss=0.4938 val_acc=0.8750 time=352.1s
03:49:40 | INFO |     log_alpha: min=-3.59 median=7.04 max=7.04 frac_prunable=0.752
03:55:36 | INFO | [bayesian_train] epoch 46/120 train_task_loss=0.1695 train_kl=1692.50 beta=0.15000 train_acc=0.9474 val_loss=0.4875 val_acc=0.8675 time=356.2s
03:55:36 | INFO |     log_alpha: min=-3.59 median=7.13 max=7.13 frac_prunable=0.753
04:01:29 | INFO | [bayesian_train] epoch 47/120 train_task_loss=0.1607 train_kl=1682.80 beta=0.15333 train_acc=0.9488 val_loss=0.4957 val_acc=0.8708 time=353.4s
04:01:29 | INFO |     log_alpha: min=-3.60 median=7.21 max=7.21 frac_prunable=0.753
04:07:24 | INFO | [bayesian_train] epoch 48/120 train_task_loss=0.1570 train_kl=1672.80 beta=0.15667 train_acc=0.9510 val_loss=0.5109 val_acc=0.8623 time=354.7s
04:07:24 | INFO |     log_alpha: min=-3.61 median=7.30 max=7.30 frac_prunable=0.754
04:13:18 | INFO | [bayesian_train] epoch 49/120 train_task_loss=0.1602 train_kl=1663.08 beta=0.16000 train_acc=0.9495 val_loss=0.4510 val_acc=0.8797 time=354.6s
04:13:18 | INFO |     log_alpha: min=-3.61 median=7.37 max=7.37 frac_prunable=0.755
04:19:13 | INFO | [bayesian_train] epoch 50/120 train_task_loss=0.1602 train_kl=1653.67 beta=0.16333 train_acc=0.9495 val_loss=0.5132 val_acc=0.8665 time=354.9s
04:19:13 | INFO |     log_alpha: min=-3.61 median=7.45 max=7.45 frac_prunable=0.756
04:25:07 | INFO | [bayesian_train] epoch 51/120 train_task_loss=0.1534 train_kl=1644.45 beta=0.16667 train_acc=0.9524 val_loss=0.5405 val_acc=0.8633 time=353.5s
04:25:07 | INFO |     log_alpha: min=-3.63 median=7.52 max=7.52 frac_prunable=0.758
04:31:02 | INFO | [bayesian_train] epoch 52/120 train_task_loss=0.1502 train_kl=1635.38 beta=0.17000 train_acc=0.9531 val_loss=0.6557 val_acc=0.8293 time=354.7s
04:31:02 | INFO |     log_alpha: min=-3.62 median=7.59 max=7.59 frac_prunable=0.758
04:36:59 | INFO | [bayesian_train] epoch 53/120 train_task_loss=0.1434 train_kl=1626.40 beta=0.17333 train_acc=0.9549 val_loss=0.4795 val_acc=0.8766 time=357.8s
04:36:59 | INFO |     log_alpha: min=-3.64 median=7.66 max=7.66 frac_prunable=0.760
04:42:59 | INFO | [bayesian_train] epoch 54/120 train_task_loss=0.1411 train_kl=1617.83 beta=0.17667 train_acc=0.9565 val_loss=0.4619 val_acc=0.8819 time=360.0s
04:43:00 | INFO |     log_alpha: min=-3.63 median=7.73 max=7.73 frac_prunable=0.762
04:48:56 | INFO | [bayesian_train] epoch 55/120 train_task_loss=0.1373 train_kl=1609.49 beta=0.18000 train_acc=0.9570 val_loss=0.5324 val_acc=0.8671 time=355.6s
04:48:56 | INFO |     log_alpha: min=-3.64 median=7.79 max=7.79 frac_prunable=0.763
04:54:50 | INFO | [bayesian_train] epoch 56/120 train_task_loss=0.1350 train_kl=1601.26 beta=0.18333 train_acc=0.9578 val_loss=0.4656 val_acc=0.8813 time=354.0s
04:54:50 | INFO |     log_alpha: min=-3.64 median=7.85 max=7.85 frac_prunable=0.764
05:00:46 | INFO | [bayesian_train] epoch 57/120 train_task_loss=0.1308 train_kl=1593.23 beta=0.18667 train_acc=0.9595 val_loss=0.4556 val_acc=0.8845 time=356.5s
05:00:46 | INFO |     log_alpha: min=-3.63 median=7.91 max=7.91 frac_prunable=0.766
05:06:43 | INFO | [bayesian_train] epoch 58/120 train_task_loss=0.1263 train_kl=1585.30 beta=0.19000 train_acc=0.9609 val_loss=0.5515 val_acc=0.8744 time=356.7s
05:06:43 | INFO |     log_alpha: min=-3.64 median=7.96 max=7.96 frac_prunable=0.767
05:12:36 | INFO | [bayesian_train] epoch 59/120 train_task_loss=0.1271 train_kl=1577.56 beta=0.19333 train_acc=0.9616 val_loss=0.4581 val_acc=0.8811 time=353.3s
05:12:36 | INFO |     log_alpha: min=-3.63 median=8.00 max=8.00 frac_prunable=0.767
05:18:29 | INFO | [bayesian_train] epoch 60/120 train_task_loss=0.1228 train_kl=1569.95 beta=0.19667 train_acc=0.9618 val_loss=0.4478 val_acc=0.8833 time=352.8s
05:18:29 | INFO |     log_alpha: min=-3.64 median=8.00 max=8.00 frac_prunable=0.768
05:24:23 | INFO | [bayesian_train] epoch 61/120 train_task_loss=0.1191 train_kl=1562.70 beta=0.20000 train_acc=0.9633 val_loss=0.5266 val_acc=0.8718 time=353.9s
05:24:23 | INFO |     log_alpha: min=-3.65 median=8.00 max=8.00 frac_prunable=0.769
05:30:21 | INFO | [bayesian_train] epoch 62/120 train_task_loss=0.1185 train_kl=1555.65 beta=0.20000 train_acc=0.9627 val_loss=0.4477 val_acc=0.8869 time=358.4s
05:30:21 | INFO |     log_alpha: min=-3.65 median=8.00 max=8.00 frac_prunable=0.769
05:36:22 | INFO | [bayesian_train] epoch 63/120 train_task_loss=0.1152 train_kl=1548.90 beta=0.20000 train_acc=0.9649 val_loss=0.4678 val_acc=0.8809 time=360.5s
05:36:22 | INFO |     log_alpha: min=-3.66 median=8.00 max=8.00 frac_prunable=0.770
05:42:14 | INFO | [bayesian_train] epoch 64/120 train_task_loss=0.1118 train_kl=1542.21 beta=0.20000 train_acc=0.9658 val_loss=0.4330 val_acc=0.8964 time=351.7s
05:42:14 | INFO |     log_alpha: min=-3.67 median=8.00 max=8.00 frac_prunable=0.770
05:48:10 | INFO | [bayesian_train] epoch 65/120 train_task_loss=0.1100 train_kl=1535.74 beta=0.20000 train_acc=0.9665 val_loss=0.5147 val_acc=0.8772 time=355.8s
05:48:10 | INFO |     log_alpha: min=-3.66 median=8.00 max=8.00 frac_prunable=0.770
05:54:03 | INFO | [bayesian_train] epoch 66/120 train_task_loss=0.1034 train_kl=1529.67 beta=0.20000 train_acc=0.9686 val_loss=0.4547 val_acc=0.8815 time=353.7s
05:54:03 | INFO |     log_alpha: min=-3.67 median=8.00 max=8.00 frac_prunable=0.771
05:59:56 | INFO | [bayesian_train] epoch 67/120 train_task_loss=0.1043 train_kl=1523.51 beta=0.20000 train_acc=0.9682 val_loss=0.5195 val_acc=0.8756 time=352.1s
05:59:56 | INFO |     log_alpha: min=-3.67 median=8.00 max=8.00 frac_prunable=0.772
06:05:50 | INFO | [bayesian_train] epoch 68/120 train_task_loss=0.0997 train_kl=1517.55 beta=0.20000 train_acc=0.9701 val_loss=0.4822 val_acc=0.8855 time=354.1s
06:05:50 | INFO |     log_alpha: min=-3.68 median=8.00 max=8.00 frac_prunable=0.773
06:11:43 | INFO | [bayesian_train] epoch 69/120 train_task_loss=0.0970 train_kl=1511.96 beta=0.20000 train_acc=0.9706 val_loss=0.4726 val_acc=0.8871 time=353.8s
06:11:43 | INFO |     log_alpha: min=-3.67 median=8.00 max=8.00 frac_prunable=0.773
06:17:39 | INFO | [bayesian_train] epoch 70/120 train_task_loss=0.0939 train_kl=1506.67 beta=0.20000 train_acc=0.9715 val_loss=0.4692 val_acc=0.8863 time=356.0s
06:17:40 | INFO |     log_alpha: min=-3.68 median=8.00 max=8.00 frac_prunable=0.774
06:23:28 | INFO | [bayesian_train] epoch 71/120 train_task_loss=0.0917 train_kl=1501.55 beta=0.20000 train_acc=0.9732 val_loss=0.5154 val_acc=0.8827 time=348.8s
06:23:28 | INFO |     log_alpha: min=-3.68 median=8.00 max=8.00 frac_prunable=0.774
06:29:21 | INFO | [bayesian_train] epoch 72/120 train_task_loss=0.0868 train_kl=1496.65 beta=0.20000 train_acc=0.9740 val_loss=0.5534 val_acc=0.8722 time=353.0s
06:29:22 | INFO |     log_alpha: min=-3.68 median=8.00 max=8.00 frac_prunable=0.774
06:35:13 | INFO | [bayesian_train] epoch 73/120 train_task_loss=0.0835 train_kl=1491.81 beta=0.20000 train_acc=0.9755 val_loss=0.5916 val_acc=0.8730 time=351.8s
06:35:13 | INFO |     log_alpha: min=-3.69 median=8.00 max=8.00 frac_prunable=0.775
06:41:02 | INFO | [bayesian_train] epoch 74/120 train_task_loss=0.0861 train_kl=1487.14 beta=0.20000 train_acc=0.9738 val_loss=0.4697 val_acc=0.8918 time=349.0s
06:41:02 | INFO |     log_alpha: min=-3.69 median=8.00 max=8.00 frac_prunable=0.775
06:46:51 | INFO | [bayesian_train] epoch 75/120 train_task_loss=0.0824 train_kl=1482.74 beta=0.20000 train_acc=0.9751 val_loss=0.4918 val_acc=0.8774 time=348.2s
06:46:51 | INFO |     log_alpha: min=-3.69 median=8.00 max=8.00 frac_prunable=0.775
06:52:39 | INFO | [bayesian_train] epoch 76/120 train_task_loss=0.0790 train_kl=1478.46 beta=0.20000 train_acc=0.9766 val_loss=0.5570 val_acc=0.8708 time=348.9s
06:52:39 | INFO |     log_alpha: min=-3.69 median=8.00 max=8.00 frac_prunable=0.775
06:58:30 | INFO | [bayesian_train] epoch 77/120 train_task_loss=0.0754 train_kl=1474.22 beta=0.20000 train_acc=0.9770 val_loss=0.4501 val_acc=0.8914 time=351.1s
06:58:30 | INFO |     log_alpha: min=-3.69 median=8.00 max=8.00 frac_prunable=0.775
07:04:21 | INFO | [bayesian_train] epoch 78/120 train_task_loss=0.0721 train_kl=1470.00 beta=0.20000 train_acc=0.9790 val_loss=0.5892 val_acc=0.8748 time=350.6s
07:04:21 | INFO |     log_alpha: min=-3.70 median=8.00 max=8.00 frac_prunable=0.776
07:10:13 | INFO | [bayesian_train] epoch 79/120 train_task_loss=0.0697 train_kl=1466.06 beta=0.20000 train_acc=0.9793 val_loss=0.5868 val_acc=0.8762 time=351.7s
07:10:13 | INFO |     log_alpha: min=-3.70 median=8.00 max=8.00 frac_prunable=0.776
07:16:05 | INFO | [bayesian_train] epoch 80/120 train_task_loss=0.0666 train_kl=1462.12 beta=0.20000 train_acc=0.9806 val_loss=0.5691 val_acc=0.8788 time=351.9s
07:16:05 | INFO |     log_alpha: min=-3.70 median=8.00 max=8.00 frac_prunable=0.777
07:21:54 | INFO | [bayesian_train] epoch 81/120 train_task_loss=0.0643 train_kl=1458.25 beta=0.20000 train_acc=0.9818 val_loss=0.5959 val_acc=0.8746 time=349.0s
07:21:54 | INFO |     log_alpha: min=-3.70 median=8.00 max=8.00 frac_prunable=0.777
07:27:44 | INFO | [bayesian_train] epoch 82/120 train_task_loss=0.0627 train_kl=1454.47 beta=0.20000 train_acc=0.9820 val_loss=0.4368 val_acc=0.8890 time=350.1s
07:27:44 | INFO |     log_alpha: min=-3.71 median=8.00 max=8.00 frac_prunable=0.777
07:33:36 | INFO | [bayesian_train] epoch 83/120 train_task_loss=0.0611 train_kl=1450.82 beta=0.20000 train_acc=0.9825 val_loss=0.5064 val_acc=0.8881 time=352.1s
07:33:36 | INFO |     log_alpha: min=-3.71 median=8.00 max=8.00 frac_prunable=0.777
07:39:34 | INFO | [bayesian_train] epoch 84/120 train_task_loss=0.0565 train_kl=1447.37 beta=0.20000 train_acc=0.9832 val_loss=0.4719 val_acc=0.8989 time=357.8s
07:39:34 | INFO |     log_alpha: min=-3.71 median=8.00 max=8.00 frac_prunable=0.777
07:45:27 | INFO | [bayesian_train] epoch 85/120 train_task_loss=0.0579 train_kl=1443.85 beta=0.20000 train_acc=0.9838 val_loss=0.5405 val_acc=0.8843 time=352.9s
07:45:27 | INFO |     log_alpha: min=-3.71 median=8.00 max=8.00 frac_prunable=0.777
07:51:20 | INFO | [bayesian_train] epoch 86/120 train_task_loss=0.0526 train_kl=1440.51 beta=0.20000 train_acc=0.9857 val_loss=0.6645 val_acc=0.8608 time=353.4s
07:51:20 | INFO |     log_alpha: min=-3.71 median=8.00 max=8.00 frac_prunable=0.777
07:57:13 | INFO | [bayesian_train] epoch 87/120 train_task_loss=0.0522 train_kl=1437.36 beta=0.20000 train_acc=0.9848 val_loss=0.5377 val_acc=0.8811 time=352.9s
07:57:13 | INFO |     log_alpha: min=-3.71 median=8.00 max=8.00 frac_prunable=0.777
08:03:06 | INFO | [bayesian_train] epoch 88/120 train_task_loss=0.0482 train_kl=1434.23 beta=0.20000 train_acc=0.9866 val_loss=0.5051 val_acc=0.8934 time=352.5s
08:03:06 | INFO |     log_alpha: min=-3.71 median=8.00 max=8.00 frac_prunable=0.777
08:09:03 | INFO | [bayesian_train] epoch 89/120 train_task_loss=0.0477 train_kl=1431.20 beta=0.20000 train_acc=0.9860 val_loss=0.5820 val_acc=0.8845 time=357.6s
08:09:04 | INFO |     log_alpha: min=-3.71 median=8.00 max=8.00 frac_prunable=0.778
08:14:57 | INFO | [bayesian_train] epoch 90/120 train_task_loss=0.0455 train_kl=1428.21 beta=0.20000 train_acc=0.9870 val_loss=0.4612 val_acc=0.8968 time=353.7s
08:14:57 | INFO |     log_alpha: min=-3.71 median=8.00 max=8.00 frac_prunable=0.778
08:20:50 | INFO | [bayesian_train] epoch 91/120 train_task_loss=0.0458 train_kl=1425.47 beta=0.20000 train_acc=0.9872 val_loss=0.4698 val_acc=0.8999 time=352.9s
08:20:50 | INFO |     log_alpha: min=-3.71 median=8.00 max=8.00 frac_prunable=0.778
08:26:44 | INFO | [bayesian_train] epoch 92/120 train_task_loss=0.0429 train_kl=1422.85 beta=0.20000 train_acc=0.9881 val_loss=0.4969 val_acc=0.8956 time=353.4s
08:26:44 | INFO |     log_alpha: min=-3.71 median=8.00 max=8.00 frac_prunable=0.778
08:32:36 | INFO | [bayesian_train] epoch 93/120 train_task_loss=0.0416 train_kl=1420.26 beta=0.20000 train_acc=0.9882 val_loss=0.5332 val_acc=0.8894 time=352.6s
08:32:36 | INFO |     log_alpha: min=-3.71 median=8.00 max=8.00 frac_prunable=0.778
08:38:31 | INFO | [bayesian_train] epoch 94/120 train_task_loss=0.0411 train_kl=1417.80 beta=0.20000 train_acc=0.9887 val_loss=0.4944 val_acc=0.8946 time=354.5s
08:38:31 | INFO |     log_alpha: min=-3.71 median=8.00 max=8.00 frac_prunable=0.778
08:44:24 | INFO | [bayesian_train] epoch 95/120 train_task_loss=0.0390 train_kl=1415.32 beta=0.20000 train_acc=0.9896 val_loss=0.5650 val_acc=0.8863 time=352.9s
08:44:24 | INFO |     log_alpha: min=-3.71 median=8.00 max=8.00 frac_prunable=0.778
08:50:19 | INFO | [bayesian_train] epoch 96/120 train_task_loss=0.0387 train_kl=1413.16 beta=0.20000 train_acc=0.9895 val_loss=0.5062 val_acc=0.8983 time=355.8s
08:50:20 | INFO |     log_alpha: min=-3.71 median=8.00 max=8.00 frac_prunable=0.778
08:56:12 | INFO | [bayesian_train] epoch 97/120 train_task_loss=0.0370 train_kl=1411.01 beta=0.20000 train_acc=0.9898 val_loss=0.4951 val_acc=0.8960 time=351.9s
08:56:12 | INFO |     log_alpha: min=-3.71 median=8.00 max=8.00 frac_prunable=0.778
09:02:04 | INFO | [bayesian_train] epoch 98/120 train_task_loss=0.0340 train_kl=1408.99 beta=0.20000 train_acc=0.9904 val_loss=0.5293 val_acc=0.8924 time=352.4s
09:02:04 | INFO |     log_alpha: min=-3.71 median=8.00 max=8.00 frac_prunable=0.778
09:07:56 | INFO | [bayesian_train] epoch 99/120 train_task_loss=0.0359 train_kl=1407.11 beta=0.20000 train_acc=0.9902 val_loss=0.5667 val_acc=0.8888 time=352.6s
09:07:56 | INFO |     log_alpha: min=-3.71 median=8.00 max=8.00 frac_prunable=0.779
09:13:50 | INFO | [bayesian_train] epoch 100/120 train_task_loss=0.0324 train_kl=1405.33 beta=0.20000 train_acc=0.9915 val_loss=0.5452 val_acc=0.8877 time=353.1s
09:13:50 | INFO |     log_alpha: min=-3.71 median=8.00 max=8.00 frac_prunable=0.779
09:19:42 | INFO | [bayesian_train] epoch 101/120 train_task_loss=0.0311 train_kl=1403.66 beta=0.20000 train_acc=0.9920 val_loss=0.5026 val_acc=0.8964 time=352.3s
09:19:42 | INFO |     log_alpha: min=-3.71 median=8.00 max=8.00 frac_prunable=0.779
09:25:34 | INFO | [bayesian_train] epoch 102/120 train_task_loss=0.0300 train_kl=1401.97 beta=0.20000 train_acc=0.9921 val_loss=0.4915 val_acc=0.8999 time=352.2s
09:25:34 | INFO |     log_alpha: min=-3.71 median=8.00 max=8.00 frac_prunable=0.779
09:31:27 | INFO | [bayesian_train] epoch 103/120 train_task_loss=0.0296 train_kl=1400.52 beta=0.20000 train_acc=0.9928 val_loss=0.5465 val_acc=0.8894 time=352.7s
09:31:27 | INFO |     log_alpha: min=-3.71 median=8.00 max=8.00 frac_prunable=0.779
09:37:21 | INFO | [bayesian_train] epoch 104/120 train_task_loss=0.0297 train_kl=1399.15 beta=0.20000 train_acc=0.9924 val_loss=0.5338 val_acc=0.8968 time=354.3s
09:37:21 | INFO |     log_alpha: min=-3.71 median=8.00 max=8.00 frac_prunable=0.779
09:43:16 | INFO | [bayesian_train] epoch 105/120 train_task_loss=0.0275 train_kl=1397.95 beta=0.20000 train_acc=0.9926 val_loss=0.5284 val_acc=0.8973 time=354.5s
09:43:16 | INFO |     log_alpha: min=-3.71 median=8.00 max=8.00 frac_prunable=0.779
09:49:10 | INFO | [bayesian_train] epoch 106/120 train_task_loss=0.0278 train_kl=1396.88 beta=0.20000 train_acc=0.9930 val_loss=0.5646 val_acc=0.8881 time=354.1s
09:49:10 | INFO |     log_alpha: min=-3.71 median=8.00 max=8.00 frac_prunable=0.779
09:55:03 | INFO | [bayesian_train] epoch 107/120 train_task_loss=0.0269 train_kl=1395.90 beta=0.20000 train_acc=0.9929 val_loss=0.4850 val_acc=0.8993 time=353.7s
09:55:04 | INFO |     log_alpha: min=-3.71 median=8.00 max=8.00 frac_prunable=0.779
10:00:59 | INFO | [bayesian_train] epoch 108/120 train_task_loss=0.0271 train_kl=1395.02 beta=0.20000 train_acc=0.9929 val_loss=0.5331 val_acc=0.8968 time=355.5s
10:00:59 | INFO |     log_alpha: min=-3.71 median=8.00 max=8.00 frac_prunable=0.779
10:06:53 | INFO | [bayesian_train] epoch 109/120 train_task_loss=0.0257 train_kl=1394.25 beta=0.20000 train_acc=0.9935 val_loss=0.6224 val_acc=0.8877 time=353.3s
10:06:53 | INFO |     log_alpha: min=-3.71 median=8.00 max=8.00 frac_prunable=0.779
10:12:45 | INFO | [bayesian_train] epoch 110/120 train_task_loss=0.0259 train_kl=1393.59 beta=0.20000 train_acc=0.9933 val_loss=0.5766 val_acc=0.8908 time=352.8s
10:12:45 | INFO |     log_alpha: min=-3.71 median=8.00 max=8.00 frac_prunable=0.779
10:18:39 | INFO | [bayesian_train] epoch 111/120 train_task_loss=0.0239 train_kl=1392.99 beta=0.20000 train_acc=0.9942 val_loss=0.4946 val_acc=0.9013 time=353.4s
10:18:39 | INFO |     log_alpha: min=-3.71 median=8.00 max=8.00 frac_prunable=0.779
10:24:29 | INFO | [bayesian_train] epoch 112/120 train_task_loss=0.0262 train_kl=1392.54 beta=0.20000 train_acc=0.9930 val_loss=0.5645 val_acc=0.8918 time=350.5s
10:24:29 | INFO |     log_alpha: min=-3.71 median=8.00 max=8.00 frac_prunable=0.779
10:30:21 | INFO | [bayesian_train] epoch 113/120 train_task_loss=0.0237 train_kl=1392.15 beta=0.20000 train_acc=0.9941 val_loss=0.5635 val_acc=0.8936 time=351.8s
10:30:21 | INFO |     log_alpha: min=-3.71 median=8.00 max=8.00 frac_prunable=0.779
10:36:15 | INFO | [bayesian_train] epoch 114/120 train_task_loss=0.0239 train_kl=1391.85 beta=0.20000 train_acc=0.9945 val_loss=0.5619 val_acc=0.8962 time=353.4s
10:36:15 | INFO |     log_alpha: min=-3.71 median=8.00 max=8.00 frac_prunable=0.779
10:42:05 | INFO | [bayesian_train] epoch 115/120 train_task_loss=0.0240 train_kl=1391.63 beta=0.20000 train_acc=0.9946 val_loss=0.5236 val_acc=0.9001 time=350.8s
10:42:05 | INFO |     log_alpha: min=-3.71 median=8.00 max=8.00 frac_prunable=0.779
10:48:01 | INFO | [bayesian_train] epoch 116/120 train_task_loss=0.0238 train_kl=1391.47 beta=0.20000 train_acc=0.9940 val_loss=0.6048 val_acc=0.8900 time=355.4s
10:48:01 | INFO |     log_alpha: min=-3.71 median=8.00 max=8.00 frac_prunable=0.779
10:53:54 | INFO | [bayesian_train] epoch 117/120 train_task_loss=0.0241 train_kl=1391.36 beta=0.20000 train_acc=0.9940 val_loss=0.5227 val_acc=0.8968 time=353.1s
10:53:54 | INFO |     log_alpha: min=-3.71 median=8.00 max=8.00 frac_prunable=0.779
10:59:47 | INFO | [bayesian_train] epoch 118/120 train_task_loss=0.0227 train_kl=1391.30 beta=0.20000 train_acc=0.9947 val_loss=0.5044 val_acc=0.8995 time=352.6s
10:59:47 | INFO |     log_alpha: min=-3.71 median=8.00 max=8.00 frac_prunable=0.779
11:05:39 | INFO | [bayesian_train] epoch 119/120 train_task_loss=0.0241 train_kl=1391.26 beta=0.20000 train_acc=0.9938 val_loss=0.5698 val_acc=0.8926 time=352.9s
11:05:39 | INFO |     log_alpha: min=-3.71 median=8.00 max=8.00 frac_prunable=0.779
11:11:38 | INFO | [bayesian_train] epoch 120/120 train_task_loss=0.0256 train_kl=1391.25 beta=0.20000 train_acc=0.9932 val_loss=0.5740 val_acc=0.8930 time=358.9s
11:11:39 | INFO |     log_alpha: min=-3.71 median=8.00 max=8.00 frac_prunable=0.779

Computing posterior uncertainty...
11:11:39 | INFO |   stem_conv: median_log_alpha=-3.17 frac_prunable=0.000 structurally_prunable=False
11:11:39 | INFO |   stage1.0.conv1: median_log_alpha=-3.28 frac_prunable=0.000 structurally_prunable=True
11:11:39 | INFO |   stage1.0.conv2: median_log_alpha=-3.11 frac_prunable=0.000 structurally_prunable=False
11:11:39 | INFO |   stage1.1.conv1: median_log_alpha=-3.07 frac_prunable=0.000 structurally_prunable=True
11:11:39 | INFO |   stage1.1.conv2: median_log_alpha=-2.72 frac_prunable=0.000 structurally_prunable=False
11:11:39 | INFO |   stage2.0.conv1: median_log_alpha=-2.80 frac_prunable=0.031 structurally_prunable=True
11:11:39 | INFO |   stage2.0.conv2: median_log_alpha=-2.18 frac_prunable=0.000 structurally_prunable=False
11:11:39 | INFO |   stage2.1.conv1: median_log_alpha=-1.87 frac_prunable=0.180 structurally_prunable=True
11:11:39 | INFO |   stage2.1.conv2: median_log_alpha=1.50 frac_prunable=0.422 structurally_prunable=False
11:11:39 | INFO |   stage3.0.conv1: median_log_alpha=8.00 frac_prunable=0.793 structurally_prunable=True
11:11:39 | INFO |   stage3.0.conv2: median_log_alpha=8.00 frac_prunable=0.867 structurally_prunable=False
11:11:39 | INFO |   stage3.1.conv1: median_log_alpha=8.00 frac_prunable=0.949 structurally_prunable=True
11:11:39 | INFO |   stage3.1.conv2: median_log_alpha=8.00 frac_prunable=0.957 structurally_prunable=False
11:11:39 | INFO |   stage4.0.conv1: median_log_alpha=8.00 frac_prunable=1.000 structurally_prunable=True
11:11:39 | INFO |   stage4.0.conv2: median_log_alpha=8.00 frac_prunable=1.000 structurally_prunable=False
11:11:39 | INFO |   stage4.1.conv1: median_log_alpha=8.00 frac_prunable=1.000 structurally_prunable=True
11:11:39 | INFO |   stage4.1.conv2: median_log_alpha=8.00 frac_prunable=1.000 structurally_prunable=False

Structured pruning...
11:11:40 | INFO | Parameters: 11177866 -> 1050757 (90.6% pruned)

Fine tuning...
11:16:21 | INFO | [finetune] epoch 1/30 train_task_loss=0.0610 train_kl=0.00 beta=0.00000 train_acc=0.9805 val_loss=0.6032 val_acc=0.8673 time=280.4s
11:20:54 | INFO | [finetune] epoch 2/30 train_task_loss=0.0640 train_kl=0.00 beta=0.00000 train_acc=0.9799 val_loss=0.6943 val_acc=0.8493 time=273.3s
11:25:31 | INFO | [finetune] epoch 3/30 train_task_loss=0.0653 train_kl=0.00 beta=0.00000 train_acc=0.9802 val_loss=0.5682 val_acc=0.8659 time=277.1s
11:30:06 | INFO | [finetune] epoch 4/30 train_task_loss=0.0723 train_kl=0.00 beta=0.00000 train_acc=0.9777 val_loss=0.5552 val_acc=0.8710 time=274.8s
11:34:41 | INFO | [finetune] epoch 5/30 train_task_loss=0.0722 train_kl=0.00 beta=0.00000 train_acc=0.9782 val_loss=0.6129 val_acc=0.8608 time=274.7s
11:39:15 | INFO | [finetune] epoch 6/30 train_task_loss=0.0716 train_kl=0.00 beta=0.00000 train_acc=0.9784 val_loss=0.5329 val_acc=0.8766 time=274.6s
11:43:50 | INFO | [finetune] epoch 7/30 train_task_loss=0.0661 train_kl=0.00 beta=0.00000 train_acc=0.9801 val_loss=0.8154 val_acc=0.8327 time=275.0s
11:48:25 | INFO | [finetune] epoch 8/30 train_task_loss=0.0656 train_kl=0.00 beta=0.00000 train_acc=0.9801 val_loss=0.5431 val_acc=0.8770 time=274.6s
11:53:01 | INFO | [finetune] epoch 9/30 train_task_loss=0.0666 train_kl=0.00 beta=0.00000 train_acc=0.9798 val_loss=0.5767 val_acc=0.8691 time=276.4s
11:57:35 | INFO | [finetune] epoch 10/30 train_task_loss=0.0616 train_kl=0.00 beta=0.00000 train_acc=0.9828 val_loss=0.6281 val_acc=0.8568 time=273.6s
12:02:09 | INFO | [finetune] epoch 11/30 train_task_loss=0.0543 train_kl=0.00 beta=0.00000 train_acc=0.9841 val_loss=0.5526 val_acc=0.8754 time=274.2s
12:06:44 | INFO | [finetune] epoch 12/30 train_task_loss=0.0505 train_kl=0.00 beta=0.00000 train_acc=0.9852 val_loss=0.6285 val_acc=0.8600 time=275.1s
12:11:18 | INFO | [finetune] epoch 13/30 train_task_loss=0.0473 train_kl=0.00 beta=0.00000 train_acc=0.9869 val_loss=0.5253 val_acc=0.8835 time=273.8s
12:15:51 | INFO | [finetune] epoch 14/30 train_task_loss=0.0435 train_kl=0.00 beta=0.00000 train_acc=0.9875 val_loss=0.5267 val_acc=0.8841 time=272.9s
12:20:25 | INFO | [finetune] epoch 15/30 train_task_loss=0.0401 train_kl=0.00 beta=0.00000 train_acc=0.9880 val_loss=0.5452 val_acc=0.8805 time=274.0s
12:25:05 | INFO | [finetune] epoch 16/30 train_task_loss=0.0374 train_kl=0.00 beta=0.00000 train_acc=0.9895 val_loss=0.5563 val_acc=0.8782 time=280.0s
12:29:38 | INFO | [finetune] epoch 17/30 train_task_loss=0.0322 train_kl=0.00 beta=0.00000 train_acc=0.9912 val_loss=0.5435 val_acc=0.8809 time=273.2s
12:34:12 | INFO | [finetune] epoch 18/30 train_task_loss=0.0286 train_kl=0.00 beta=0.00000 train_acc=0.9918 val_loss=0.5974 val_acc=0.8797 time=273.9s
12:38:46 | INFO | [finetune] epoch 19/30 train_task_loss=0.0261 train_kl=0.00 beta=0.00000 train_acc=0.9926 val_loss=0.5480 val_acc=0.8894 time=274.0s
12:43:20 | INFO | [finetune] epoch 20/30 train_task_loss=0.0229 train_kl=0.00 beta=0.00000 train_acc=0.9939 val_loss=0.6925 val_acc=0.8657 time=273.9s
12:47:53 | INFO | [finetune] epoch 21/30 train_task_loss=0.0206 train_kl=0.00 beta=0.00000 train_acc=0.9942 val_loss=0.7357 val_acc=0.8621 time=273.6s
12:52:27 | INFO | [finetune] epoch 22/30 train_task_loss=0.0189 train_kl=0.00 beta=0.00000 train_acc=0.9943 val_loss=0.5619 val_acc=0.8900 time=273.4s
12:57:02 | INFO | [finetune] epoch 23/30 train_task_loss=0.0166 train_kl=0.00 beta=0.00000 train_acc=0.9952 val_loss=0.5699 val_acc=0.8869 time=275.1s
13:01:42 | INFO | [finetune] epoch 24/30 train_task_loss=0.0145 train_kl=0.00 beta=0.00000 train_acc=0.9962 val_loss=0.7209 val_acc=0.8679 time=279.7s
13:06:17 | INFO | [finetune] epoch 25/30 train_task_loss=0.0132 train_kl=0.00 beta=0.00000 train_acc=0.9968 val_loss=0.7627 val_acc=0.8643 time=275.2s
13:10:51 | INFO | [finetune] epoch 26/30 train_task_loss=0.0126 train_kl=0.00 beta=0.00000 train_acc=0.9967 val_loss=0.5854 val_acc=0.8881 time=274.5s
13:15:26 | INFO | [finetune] epoch 27/30 train_task_loss=0.0111 train_kl=0.00 beta=0.00000 train_acc=0.9971 val_loss=0.7715 val_acc=0.8637 time=274.3s
13:20:00 | INFO | [finetune] epoch 28/30 train_task_loss=0.0113 train_kl=0.00 beta=0.00000 train_acc=0.9971 val_loss=0.6316 val_acc=0.8851 time=274.7s
13:24:35 | INFO | [finetune] epoch 29/30 train_task_loss=0.0104 train_kl=0.00 beta=0.00000 train_acc=0.9977 val_loss=0.7430 val_acc=0.8627 time=274.4s
13:29:09 | INFO | [finetune] epoch 30/30 train_task_loss=0.0106 train_kl=0.00 beta=0.00000 train_acc=0.9969 val_loss=0.5824 val_acc=0.8896 time=274.3s

Testing...
13:29:58 | INFO | Final test accuracy after pruning + fine-tuning: 0.8893

Saving checkpoints...

Finished.

============================================================
ALL EXPERIMENTS FINISHED
============================================================
     lenet:  38.9% pruned, accuracy 0.6895 -> 0.2670
      vgg9:  98.7% pruned, accuracy 0.8500 -> 0.8608
  resnet18:  90.6% pruned, accuracy 0.8926 -> 0.8893
====================================================
Job finished: Fri 24 Jul 13:30:18 BST 2026
====================================================
